Team,G,MP,FG.,Dist.,X..of.2P,X..of.0.3,X..of.3.10,X..of.10.16,X..of.16.3P,X..of.3P,X2P..,X0.3..,X3.10..,X10.16..,X16.3P..,X3P..,X2P..Ast.d,Dunk..FGA,Dunk.Md.,X3P..Ast.d,Corner..3PA,X3P.,Heaves.Att.,Heaves.Md.,year
Atlanta Hawks,82,19730,0.431,11.4,0.86,0.258,0.19,0.214,0.198,0.14,0.443,0.612,0.32,0.387,0.403,0.357,0.507,0.037,224,0.811,0.228,0.371,10,1,2001
Boston Celtics,82,19830,0.428,12.5,0.748,0.287,0.161,0.121,0.18,0.252,0.45,0.571,0.344,0.385,0.393,0.363,0.532,0.019,104,0.926,0.261,0.39,12,0,2001
Charlotte Hornets,82,19880,0.431,12.2,0.849,0.27,0.134,0.18,0.265,0.151,0.446,0.595,0.386,0.363,0.381,0.346,0.65,0.038,204,0.885,0.178,0.406,9,1,2001
Chicago Bulls,82,19855,0.424,12,0.852,0.275,0.151,0.175,0.251,0.148,0.438,0.569,0.36,0.39,0.375,0.346,0.634,0.033,176,0.894,0.132,0.36,5,0,2001
Cleveland Cavaliers,82,19830,0.442,10.9,0.899,0.28,0.201,0.19,0.228,0.101,0.455,0.622,0.335,0.41,0.392,0.334,0.564,0.034,197,0.914,0.338,0.359,22,1,2001
Dallas Mavericks,82,19805,0.459,12.3,0.798,0.257,0.165,0.166,0.21,0.202,0.479,0.656,0.347,0.413,0.419,0.381,0.513,0.031,192,0.816,0.234,0.355,14,0,2001
Denver Nuggets,82,19780,0.433,12.3,0.79,0.295,0.137,0.138,0.221,0.21,0.454,0.615,0.357,0.366,0.354,0.355,0.62,0.048,288,0.861,0.295,0.38,5,0,2001
Detroit Pistons,82,19855,0.424,12.2,0.838,0.295,0.109,0.15,0.284,0.162,0.439,0.571,0.319,0.35,0.394,0.35,0.513,0.036,226,0.848,0.277,0.377,5,0,2001
Golden State Warriors,82,19780,0.409,11.5,0.866,0.24,0.226,0.159,0.241,0.134,0.427,0.653,0.313,0.336,0.371,0.293,0.588,0.024,149,0.809,0.197,0.337,8,1,2001
Houston Rockets,82,19830,0.453,12.2,0.783,0.306,0.141,0.133,0.204,0.217,0.48,0.636,0.356,0.398,0.385,0.357,0.498,0.04,233,0.792,0.254,0.391,15,2,2001
Indiana Pacers,82,19980,0.44,12.6,0.82,0.221,0.201,0.157,0.241,0.18,0.461,0.621,0.374,0.423,0.412,0.342,0.58,0.037,222,0.889,0.329,0.367,7,0,2001
Los Angeles Clippers,82,20030,0.448,11.3,0.836,0.273,0.226,0.152,0.184,0.164,0.469,0.637,0.41,0.353,0.391,0.339,0.505,0.043,242,0.847,0.155,0.364,4,0,2001
Los Angeles Lakers,82,19905,0.465,11.9,0.809,0.285,0.186,0.137,0.201,0.191,0.494,0.671,0.382,0.402,0.407,0.344,0.565,0.055,350,0.866,0.17,0.378,12,0,2001
Miami Heat,82,19880,0.43,13,0.779,0.25,0.149,0.146,0.233,0.221,0.455,0.582,0.376,0.389,0.409,0.345,0.56,0.029,152,0.812,0.21,0.379,14,0,2001
Milwaukee Bucks,82,19780,0.43,13.2,0.782,0.224,0.121,0.258,0.179,0.218,0.48,0.596,0.413,0.454,0.415,0.379,0.529,0.033,200,0.879,0.274,0.411,15,3,2001
Minnesota Timberwolves,82,19830,0.458,12.5,0.869,0.236,0.164,0.155,0.315,0.131,0.473,0.628,0.387,0.403,0.438,0.357,0.637,0.028,177,0.882,0.262,0.398,9,0,2001
New Jersey Nets,82,19730,0.425,11.6,0.835,0.322,0.137,0.132,0.243,0.165,0.443,0.579,0.366,0.315,0.374,0.333,0.543,0.039,219,0.798,0.199,0.333,11,1,2001
New York Knicks,82,19905,0.444,11.9,0.82,0.27,0.163,0.184,0.203,0.18,0.465,0.594,0.395,0.388,0.42,0.351,0.506,0.022,117,0.826,0.227,0.415,9,0,2001
Orlando Magic,82,19955,0.438,12.6,0.804,0.29,0.117,0.137,0.26,0.196,0.456,0.584,0.368,0.361,0.404,0.364,0.548,0.033,210,0.859,0.159,0.388,14,0,2001
Philadelphia 76ers,82,19855,0.447,10.8,0.876,0.276,0.206,0.211,0.184,0.124,0.464,0.71,0.289,0.358,0.414,0.326,0.554,0.027,163,0.878,0.234,0.388,8,0,2001
Phoenix Suns,82,19805,0.436,11.9,0.844,0.262,0.172,0.164,0.246,0.156,0.458,0.61,0.352,0.387,0.418,0.315,0.615,0.039,229,0.898,0.284,0.311,13,0,2001
Portland Trail Blazers,82,19780,0.468,11.9,0.835,0.299,0.153,0.129,0.254,0.165,0.492,0.635,0.391,0.409,0.425,0.349,0.629,0.049,293,0.829,0.218,0.343,8,0,2001
Sacramento Kings,82,20080,0.449,11.8,0.806,0.295,0.185,0.097,0.23,0.194,0.472,0.644,0.363,0.384,0.377,0.354,0.554,0.035,224,0.797,0.25,0.364,20,2,2001
San Antonio Spurs,82,19830,0.461,11.9,0.825,0.26,0.183,0.178,0.205,0.175,0.472,0.652,0.359,0.4,0.406,0.407,0.569,0.053,304,0.876,0.345,0.485,12,1,2001
Seattle SuperSonics,82,19805,0.456,10.7,0.824,0.305,0.226,0.129,0.164,0.176,0.468,0.643,0.356,0.363,0.377,0.399,0.538,0.036,223,0.886,0.237,0.401,9,0,2001
Toronto Raptors,82,19955,0.437,12.8,0.833,0.264,0.124,0.145,0.3,0.167,0.451,0.602,0.35,0.373,0.397,0.369,0.63,0.032,202,0.828,0.223,0.396,15,0,2001
Utah Jazz,82,19780,0.471,10.9,0.865,0.348,0.134,0.124,0.259,0.135,0.485,0.625,0.369,0.382,0.404,0.381,0.693,0.037,206,0.874,0.271,0.446,7,0,2001
Vancouver Grizzlies,82,19780,0.439,12.9,0.855,0.217,0.184,0.13,0.323,0.145,0.455,0.63,0.359,0.375,0.424,0.343,0.635,0.039,231,0.874,0.267,0.316,3,0,2001
Washington Wizards,82,19680,0.439,11.3,0.869,0.249,0.219,0.199,0.202,0.131,0.456,0.625,0.356,0.397,0.415,0.324,0.563,0.03,177,0.753,0.216,0.361,3,0,2001
All Teams,82,19840,0.443,12,0.83,0.273,0.168,0.158,0.232,0.17,0.461,0.619,0.359,0.385,0.4,0.354,0.572,0.036,212,0.852,0.239,0.381,10.3,0.4,2001
Atlanta Hawks,82,19780,0.439,11.1,0.819,0.328,0.153,0.146,0.193,0.181,0.458,0.583,0.349,0.363,0.4,0.354,0.525,0.054,313,0.839,0.255,0.354,5,0,2002
Boston Celtics,82,19830,0.424,13.3,0.711,0.293,0.124,0.111,0.182,0.289,0.45,0.581,0.324,0.351,0.385,0.359,0.512,0.032,204,0.886,0.213,0.33,15,2,2002
Charlotte Hornets,82,19755,0.44,11.6,0.849,0.308,0.131,0.162,0.248,0.151,0.456,0.577,0.402,0.363,0.395,0.348,0.58,0.049,292,0.812,0.153,0.408,8,0,2002
Chicago Bulls,82,19805,0.433,12,0.866,0.295,0.111,0.161,0.299,0.134,0.447,0.562,0.343,0.405,0.393,0.346,0.617,0.05,293,0.89,0.189,0.305,7,0,2002
Cleveland Cavaliers,82,19855,0.448,12.4,0.844,0.255,0.141,0.206,0.242,0.156,0.461,0.58,0.391,0.425,0.407,0.377,0.601,0.046,266,0.91,0.238,0.43,20,1,2002
Dallas Mavericks,82,19880,0.462,12.8,0.763,0.281,0.121,0.146,0.214,0.237,0.488,0.607,0.404,0.411,0.431,0.378,0.51,0.037,232,0.799,0.16,0.436,9,0,2002
Denver Nuggets,82,19805,0.424,12,0.813,0.3,0.147,0.121,0.245,0.187,0.446,0.583,0.36,0.397,0.355,0.329,0.586,0.038,228,0.842,0.306,0.344,17,0,2002
Detroit Pistons,82,19680,0.452,12.7,0.76,0.283,0.124,0.146,0.207,0.24,0.475,0.613,0.42,0.356,0.404,0.376,0.555,0.048,270,0.884,0.306,0.398,6,1,2002
Golden State Warriors,82,19780,0.429,10.6,0.858,0.297,0.235,0.111,0.215,0.142,0.447,0.64,0.326,0.372,0.351,0.322,0.532,0.04,254,0.881,0.193,0.359,15,1,2002
Houston Rockets,82,19980,0.428,13,0.777,0.295,0.108,0.103,0.271,0.223,0.455,0.587,0.348,0.355,0.391,0.335,0.457,0.052,298,0.829,0.241,0.35,15,0,2002
Indiana Pacers,82,19905,0.446,12.4,0.818,0.236,0.193,0.168,0.222,0.182,0.47,0.639,0.408,0.389,0.405,0.339,0.601,0.052,311,0.896,0.288,0.384,11,0,2002
Los Angeles Clippers,82,19805,0.445,11.3,0.828,0.261,0.23,0.184,0.153,0.172,0.464,0.632,0.404,0.38,0.369,0.356,0.523,0.056,342,0.919,0.113,0.408,9,0,2002
Los Angeles Lakers,82,19780,0.461,12.3,0.79,0.28,0.167,0.137,0.206,0.21,0.489,0.657,0.414,0.403,0.379,0.354,0.539,0.078,489,0.902,0.257,0.419,15,1,2002
Memphis Grizzlies,82,19780,0.436,11.6,0.832,0.288,0.176,0.135,0.233,0.168,0.462,0.622,0.362,0.37,0.394,0.307,0.613,0.075,445,0.723,0.215,0.352,11,0,2002
Miami Heat,82,19930,0.439,12.9,0.859,0.238,0.134,0.164,0.323,0.141,0.454,0.638,0.389,0.37,0.388,0.347,0.556,0.047,267,0.894,0.305,0.416,19,1,2002
Milwaukee Bucks,82,19905,0.462,13.1,0.759,0.237,0.126,0.236,0.16,0.241,0.49,0.571,0.466,0.466,0.425,0.375,0.55,0.036,215,0.841,0.268,0.399,18,0,2002
Minnesota Timberwolves,82,19805,0.461,12.4,0.848,0.236,0.175,0.151,0.286,0.152,0.476,0.629,0.42,0.426,0.409,0.378,0.604,0.037,235,0.793,0.211,0.398,9,0,2002
New Jersey Nets,82,19830,0.446,11.6,0.825,0.327,0.135,0.133,0.23,0.175,0.469,0.61,0.382,0.361,0.383,0.338,0.62,0.077,463,0.876,0.193,0.364,18,0,2002
New York Knicks,82,19805,0.432,12.5,0.794,0.246,0.159,0.19,0.198,0.206,0.453,0.556,0.419,0.403,0.399,0.353,0.566,0.021,124,0.829,0.271,0.354,5,1,2002
Orlando Magic,82,19830,0.448,12.9,0.759,0.294,0.113,0.109,0.242,0.241,0.471,0.61,0.377,0.369,0.394,0.373,0.519,0.046,275,0.845,0.192,0.417,7,0,2002
Philadelphia 76ers,82,19730,0.436,10.8,0.889,0.304,0.149,0.217,0.218,0.111,0.453,0.592,0.395,0.345,0.405,0.299,0.558,0.024,141,0.897,0.238,0.406,3,0,2002
Phoenix Suns,82,19830,0.447,11.1,0.842,0.33,0.142,0.162,0.208,0.158,0.469,0.588,0.388,0.387,0.4,0.327,0.567,0.045,286,0.796,0.219,0.313,7,0,2002
Portland Trail Blazers,82,19830,0.45,12.4,0.802,0.307,0.123,0.117,0.255,0.198,0.474,0.612,0.361,0.397,0.397,0.354,0.602,0.068,425,0.856,0.208,0.394,11,0,2002
Sacramento Kings,82,19755,0.467,11.7,0.834,0.317,0.135,0.104,0.278,0.166,0.486,0.626,0.383,0.402,0.409,0.367,0.56,0.049,318,0.866,0.317,0.399,8,0,2002
San Antonio Spurs,82,19855,0.458,11.2,0.81,0.314,0.166,0.177,0.153,0.19,0.48,0.643,0.407,0.369,0.356,0.362,0.507,0.061,358,0.886,0.364,0.44,8,0,2002
Seattle SuperSonics,82,19830,0.469,11.8,0.807,0.28,0.19,0.121,0.216,0.193,0.49,0.636,0.387,0.393,0.446,0.378,0.56,0.047,277,0.912,0.261,0.374,8,0,2002
Toronto Raptors,82,19755,0.434,12.2,0.835,0.284,0.121,0.192,0.238,0.165,0.451,0.578,0.395,0.377,0.387,0.349,0.571,0.045,275,0.858,0.214,0.418,18,0,2002
Utah Jazz,82,19830,0.45,10.7,0.868,0.38,0.102,0.124,0.261,0.132,0.468,0.584,0.3,0.369,0.411,0.333,0.678,0.048,280,0.871,0.215,0.343,7,0,2002
Washington Wizards,82,19730,0.441,12.5,0.882,0.214,0.159,0.222,0.287,0.118,0.448,0.631,0.324,0.394,0.422,0.388,0.561,0.041,267,0.784,0.168,0.439,3,0,2002
All Teams,82,19816,0.445,12,0.819,0.287,0.148,0.153,0.23,0.181,0.465,0.605,0.382,0.388,0.397,0.354,0.564,0.048,291,0.856,0.235,0.384,10.8,0.3,2002
Atlanta Hawks,82,19905,0.444,11.9,0.823,0.269,0.158,0.181,0.214,0.177,0.464,0.584,0.381,0.423,0.41,0.352,0.543,0.048,297,0.856,0.276,0.397,9,0,2003
Boston Celtics,82,19830,0.415,13.8,0.669,0.268,0.14,0.109,0.152,0.331,0.455,0.618,0.319,0.346,0.371,0.334,0.496,0.034,204,0.823,0.23,0.343,17,1,2003
Chicago Bulls,82,19930,0.445,10.9,0.852,0.324,0.169,0.148,0.211,0.148,0.462,0.59,0.405,0.366,0.38,0.35,0.562,0.059,370,0.848,0.26,0.363,7,0,2003
Cleveland Cavaliers,82,19830,0.422,11.1,0.867,0.303,0.159,0.188,0.216,0.133,0.437,0.596,0.331,0.361,0.359,0.327,0.572,0.064,381,0.853,0.335,0.373,21,0,2003
Dallas Mavericks,82,19780,0.453,13.2,0.761,0.253,0.131,0.136,0.241,0.239,0.475,0.622,0.416,0.408,0.391,0.381,0.515,0.032,211,0.843,0.242,0.372,11,0,2003
Denver Nuggets,82,19730,0.411,11.2,0.874,0.297,0.171,0.135,0.272,0.126,0.43,0.567,0.341,0.38,0.361,0.278,0.629,0.068,390,0.825,0.242,0.251,8,0,2003
Detroit Pistons,82,19905,0.43,13.1,0.763,0.264,0.135,0.145,0.219,0.237,0.452,0.568,0.42,0.364,0.393,0.358,0.553,0.032,179,0.792,0.241,0.362,10,1,2003
Golden State Warriors,82,19755,0.441,11.6,0.822,0.271,0.207,0.123,0.222,0.178,0.462,0.638,0.361,0.405,0.373,0.344,0.517,0.046,300,0.819,0.217,0.336,11,0,2003
Houston Rockets,82,19930,0.44,12.1,0.804,0.305,0.145,0.126,0.229,0.196,0.462,0.605,0.38,0.366,0.376,0.346,0.466,0.065,381,0.879,0.24,0.342,20,1,2003
Indiana Pacers,82,19905,0.441,12,0.831,0.278,0.163,0.163,0.226,0.169,0.461,0.632,0.357,0.369,0.392,0.339,0.623,0.043,270,0.876,0.222,0.31,5,0,2003
Los Angeles Clippers,82,19755,0.437,11.1,0.818,0.317,0.194,0.137,0.17,0.182,0.46,0.591,0.403,0.334,0.382,0.331,0.517,0.05,300,0.867,0.152,0.341,19,0,2003
Los Angeles Lakers,82,19930,0.451,12.2,0.801,0.283,0.158,0.133,0.225,0.199,0.475,0.641,0.385,0.352,0.402,0.356,0.571,0.077,489,0.862,0.242,0.344,11,0,2003
Memphis Grizzlies,82,19930,0.452,11.9,0.81,0.287,0.173,0.132,0.218,0.19,0.473,0.614,0.404,0.377,0.399,0.365,0.584,0.061,371,0.822,0.258,0.421,13,0,2003
Miami Heat,82,19830,0.412,12.9,0.831,0.251,0.127,0.154,0.299,0.169,0.432,0.561,0.391,0.362,0.378,0.316,0.519,0.034,183,0.825,0.278,0.359,20,0,2003
Milwaukee Bucks,82,19905,0.457,12.6,0.771,0.267,0.136,0.191,0.177,0.229,0.478,0.599,0.406,0.431,0.403,0.383,0.527,0.029,171,0.899,0.259,0.352,13,0,2003
Minnesota Timberwolves,82,19805,0.466,12.3,0.882,0.249,0.15,0.156,0.327,0.118,0.479,0.622,0.435,0.42,0.418,0.368,0.632,0.043,278,0.851,0.239,0.37,7,1,2003
New Jersey Nets,82,19755,0.441,11.3,0.842,0.34,0.133,0.112,0.258,0.158,0.462,0.603,0.371,0.362,0.366,0.332,0.617,0.069,406,0.89,0.19,0.389,11,0,2003
New Orleans Hornets,82,19905,0.435,12,0.839,0.278,0.132,0.187,0.241,0.161,0.447,0.563,0.392,0.402,0.377,0.376,0.582,0.043,259,0.854,0.251,0.43,6,0,2003
New York Knicks,82,19855,0.441,13.5,0.765,0.21,0.145,0.188,0.222,0.235,0.459,0.554,0.437,0.436,0.403,0.383,0.555,0.017,102,0.807,0.263,0.425,12,0,2003
Orlando Magic,82,19805,0.436,13.5,0.765,0.292,0.08,0.098,0.295,0.235,0.46,0.557,0.381,0.388,0.408,0.357,0.515,0.035,218,0.792,0.188,0.341,9,0,2003
Philadelphia 76ers,82,19855,0.448,10.1,0.881,0.367,0.144,0.169,0.202,0.119,0.466,0.58,0.407,0.352,0.398,0.311,0.567,0.032,199,0.91,0.283,0.345,6,1,2003
Phoenix Suns,82,19805,0.443,11.2,0.83,0.323,0.148,0.147,0.213,0.17,0.464,0.575,0.395,0.386,0.398,0.343,0.53,0.055,339,0.85,0.361,0.398,14,0,2003
Portland Trail Blazers,82,19855,0.46,11.4,0.823,0.317,0.159,0.132,0.215,0.177,0.488,0.635,0.407,0.42,0.374,0.33,0.585,0.059,350,0.881,0.235,0.356,22,0,2003
Sacramento Kings,82,19830,0.464,12.5,0.816,0.282,0.142,0.099,0.293,0.184,0.482,0.652,0.38,0.375,0.405,0.381,0.583,0.048,308,0.874,0.362,0.431,25,0,2003
San Antonio Spurs,82,19830,0.462,11.2,0.798,0.313,0.189,0.133,0.163,0.202,0.489,0.634,0.423,0.388,0.371,0.354,0.499,0.058,322,0.909,0.4,0.376,10,0,2003
Seattle SuperSonics,82,19855,0.437,12.6,0.804,0.247,0.177,0.129,0.25,0.196,0.458,0.633,0.366,0.426,0.366,0.353,0.56,0.037,221,0.906,0.268,0.344,10,0,2003
Toronto Raptors,82,19805,0.427,12.4,0.821,0.278,0.135,0.144,0.263,0.179,0.446,0.586,0.366,0.381,0.374,0.343,0.51,0.042,259,0.829,0.272,0.389,10,0,2003
Utah Jazz,82,19780,0.468,11.1,0.896,0.337,0.111,0.139,0.31,0.104,0.481,0.634,0.338,0.392,0.406,0.349,0.713,0.039,231,0.884,0.2,0.391,10,1,2003
Washington Wizards,82,19830,0.44,12.7,0.873,0.231,0.13,0.203,0.309,0.127,0.459,0.623,0.313,0.423,0.422,0.312,0.541,0.043,265,0.893,0.276,0.335,2,0,2003
All Teams,82,19841,0.442,12.1,0.818,0.286,0.15,0.146,0.236,0.182,0.463,0.603,0.384,0.388,0.389,0.349,0.56,0.047,285,0.852,0.257,0.369,12,0.2,2003
Atlanta Hawks,82,19905,0.433,11.7,0.809,0.303,0.148,0.153,0.205,0.191,0.456,0.577,0.371,0.363,0.409,0.335,0.537,0.045,289,0.845,0.292,0.37,2,0,2004
Boston Celtics,82,19705,0.443,13,0.751,0.285,0.126,0.118,0.222,0.249,0.475,0.608,0.35,0.394,0.42,0.346,0.524,0.048,284,0.875,0.259,0.394,10,0,2004
Chicago Bulls,82,19830,0.414,12.4,0.814,0.283,0.13,0.142,0.259,0.186,0.431,0.537,0.385,0.349,0.383,0.342,0.614,0.045,283,0.79,0.214,0.349,10,1,2004
Cleveland Cavaliers,82,19855,0.433,10.6,0.884,0.318,0.173,0.196,0.197,0.116,0.448,0.586,0.355,0.387,0.368,0.314,0.595,0.051,322,0.879,0.29,0.338,13,0,2004
Dallas Mavericks,82,19805,0.459,12.1,0.799,0.29,0.159,0.129,0.219,0.201,0.488,0.619,0.414,0.428,0.402,0.348,0.548,0.024,163,0.828,0.168,0.373,18,0,2004
Denver Nuggets,82,19730,0.443,11.3,0.854,0.345,0.111,0.127,0.272,0.146,0.461,0.597,0.365,0.377,0.365,0.336,0.574,0.07,425,0.801,0.192,0.381,10,0,2004
Detroit Pistons,82,19780,0.435,10.7,0.847,0.34,0.153,0.175,0.179,0.153,0.452,0.566,0.356,0.393,0.374,0.344,0.592,0.053,299,0.817,0.257,0.394,7,0,2004
Golden State Warriors,82,19855,0.442,11.9,0.803,0.272,0.196,0.117,0.218,0.197,0.468,0.654,0.358,0.346,0.399,0.334,0.526,0.045,270,0.918,0.254,0.356,17,1,2004
Houston Rockets,82,19930,0.442,12.7,0.773,0.268,0.153,0.141,0.211,0.227,0.464,0.596,0.383,0.402,0.398,0.366,0.512,0.054,289,0.854,0.315,0.384,16,0,2004
Indiana Pacers,82,19805,0.435,12.1,0.797,0.288,0.156,0.157,0.196,0.203,0.457,0.589,0.366,0.368,0.407,0.351,0.6,0.052,301,0.871,0.33,0.383,8,0,2004
Los Angeles Clippers,82,19805,0.428,11,0.844,0.341,0.155,0.13,0.218,0.156,0.448,0.574,0.398,0.341,0.351,0.321,0.55,0.046,283,0.866,0.135,0.312,11,0,2004
Los Angeles Lakers,82,19855,0.454,11.5,0.833,0.326,0.143,0.126,0.238,0.167,0.479,0.632,0.392,0.369,0.379,0.327,0.608,0.054,333,0.901,0.239,0.322,16,1,2004
Memphis Grizzlies,82,19880,0.445,11.1,0.803,0.342,0.17,0.101,0.19,0.197,0.471,0.596,0.393,0.346,0.381,0.34,0.609,0.065,384,0.857,0.277,0.33,20,2,2004
Miami Heat,82,19755,0.425,12.3,0.789,0.297,0.143,0.117,0.231,0.211,0.443,0.562,0.394,0.323,0.382,0.357,0.505,0.038,211,0.889,0.228,0.427,19,0,2004
Milwaukee Bucks,82,19780,0.447,11.2,0.828,0.32,0.152,0.176,0.179,0.172,0.467,0.578,0.424,0.384,0.385,0.35,0.588,0.054,325,0.903,0.261,0.328,9,0,2004
Minnesota Timberwolves,82,19755,0.462,13,0.863,0.206,0.147,0.21,0.301,0.137,0.477,0.62,0.44,0.431,0.429,0.363,0.591,0.03,191,0.89,0.259,0.397,13,0,2004
New Jersey Nets,82,19705,0.441,11.9,0.824,0.332,0.111,0.113,0.268,0.176,0.464,0.609,0.342,0.357,0.381,0.336,0.687,0.067,394,0.889,0.185,0.409,16,2,2004
New Orleans Hornets,82,19830,0.42,12.8,0.748,0.294,0.115,0.131,0.209,0.252,0.454,0.568,0.363,0.377,0.391,0.319,0.591,0.044,263,0.738,0.232,0.331,12,1,2004
New York Knicks,82,19880,0.442,12.2,0.829,0.259,0.156,0.177,0.237,0.171,0.459,0.568,0.419,0.418,0.395,0.364,0.548,0.022,134,0.835,0.271,0.384,12,0,2004
Orlando Magic,82,19830,0.429,12.8,0.816,0.26,0.138,0.145,0.273,0.184,0.448,0.551,0.402,0.395,0.403,0.344,0.504,0.036,219,0.786,0.19,0.376,4,0,2004
Philadelphia 76ers,82,19855,0.428,11.3,0.842,0.319,0.132,0.174,0.216,0.158,0.445,0.562,0.37,0.36,0.385,0.342,0.567,0.043,239,0.92,0.316,0.383,7,0,2004
Phoenix Suns,82,19730,0.443,11.4,0.82,0.327,0.137,0.146,0.21,0.18,0.465,0.587,0.441,0.35,0.371,0.345,0.482,0.057,343,0.87,0.337,0.407,14,0,2004
Portland Trail Blazers,82,19980,0.448,11.5,0.83,0.3,0.171,0.141,0.218,0.17,0.469,0.597,0.41,0.415,0.375,0.346,0.571,0.055,339,0.866,0.188,0.362,10,0,2004
Sacramento Kings,82,19780,0.462,13,0.777,0.277,0.128,0.089,0.284,0.223,0.48,0.636,0.34,0.383,0.421,0.401,0.653,0.035,220,0.862,0.307,0.422,12,0,2004
San Antonio Spurs,82,19755,0.442,11.6,0.823,0.282,0.197,0.144,0.2,0.177,0.46,0.623,0.373,0.383,0.371,0.358,0.543,0.039,228,0.868,0.363,0.394,12,0,2004
Seattle SuperSonics,82,19805,0.446,13.5,0.706,0.245,0.158,0.121,0.182,0.294,0.476,0.655,0.377,0.389,0.38,0.373,0.519,0.052,305,0.876,0.272,0.408,19,0,2004
Toronto Raptors,82,19980,0.418,13.1,0.796,0.252,0.123,0.155,0.267,0.204,0.434,0.575,0.398,0.346,0.368,0.356,0.519,0.041,238,0.944,0.451,0.405,8,0,2004
Utah Jazz,82,19780,0.436,11.5,0.873,0.357,0.085,0.104,0.327,0.127,0.453,0.555,0.353,0.357,0.397,0.321,0.598,0.041,232,0.845,0.229,0.361,8,0,2004
Washington Wizards,82,19830,0.421,11.9,0.806,0.29,0.18,0.123,0.213,0.194,0.44,0.618,0.317,0.34,0.358,0.341,0.511,0.053,325,0.808,0.214,0.371,4,0,2004
All Teams,82,19825,0.439,12,0.813,0.297,0.147,0.141,0.229,0.187,0.46,0.592,0.382,0.377,0.388,0.347,0.565,0.047,280,0.857,0.261,0.378,11.6,0.3,2004
Atlanta Hawks,82,19855,0.441,10.4,0.854,0.371,0.141,0.139,0.204,0.146,0.463,0.579,0.341,0.331,0.426,0.312,0.511,0.056,354,0.872,0.265,0.295,16,0,2005
Boston Celtics,82,19880,0.468,11.3,0.808,0.364,0.119,0.113,0.212,0.192,0.496,0.614,0.36,0.379,0.433,0.349,0.543,0.049,305,0.899,0.296,0.381,12,0,2005
Charlotte Bobcats,82,19880,0.432,11.7,0.872,0.284,0.149,0.145,0.294,0.128,0.442,0.574,0.375,0.351,0.392,0.363,0.57,0.036,232,0.903,0.344,0.413,6,0,2005
Chicago Bulls,82,19830,0.432,12.3,0.783,0.297,0.144,0.128,0.214,0.217,0.453,0.566,0.374,0.367,0.401,0.357,0.569,0.044,272,0.806,0.234,0.402,5,0,2005
Cleveland Cavaliers,82,19855,0.447,11.2,0.865,0.312,0.161,0.159,0.233,0.135,0.465,0.609,0.402,0.358,0.39,0.332,0.599,0.056,352,0.797,0.292,0.36,4,0,2005
Dallas Mavericks,82,19730,0.457,12.3,0.81,0.287,0.132,0.148,0.243,0.19,0.479,0.594,0.44,0.399,0.413,0.364,0.472,0.046,287,0.834,0.242,0.37,20,0,2005
Denver Nuggets,82,19755,0.459,11.1,0.858,0.364,0.102,0.117,0.274,0.142,0.479,0.627,0.36,0.36,0.377,0.34,0.617,0.083,499,0.878,0.304,0.399,23,0,2005
Detroit Pistons,82,19955,0.444,11.5,0.836,0.321,0.117,0.183,0.215,0.164,0.463,0.576,0.393,0.413,0.377,0.345,0.592,0.066,379,0.865,0.273,0.355,8,0,2005
Golden State Warriors,82,19905,0.43,13.3,0.748,0.254,0.155,0.092,0.248,0.252,0.457,0.642,0.328,0.364,0.382,0.352,0.542,0.041,270,0.814,0.246,0.358,10,0,2005
Houston Rockets,82,19855,0.443,13.4,0.763,0.254,0.134,0.119,0.256,0.237,0.468,0.59,0.435,0.394,0.399,0.364,0.561,0.045,251,0.808,0.277,0.391,11,0,2005
Indiana Pacers,82,19905,0.432,13.2,0.745,0.27,0.14,0.137,0.199,0.255,0.463,0.582,0.407,0.397,0.384,0.344,0.481,0.036,203,0.86,0.272,0.403,10,0,2005
Los Angeles Clippers,82,20030,0.459,11.4,0.895,0.298,0.151,0.156,0.29,0.105,0.473,0.59,0.449,0.397,0.405,0.345,0.632,0.052,305,0.861,0.302,0.411,13,0,2005
Los Angeles Lakers,82,19780,0.437,12.7,0.727,0.329,0.118,0.092,0.188,0.273,0.467,0.562,0.411,0.377,0.382,0.355,0.491,0.045,269,0.88,0.25,0.352,29,0,2005
Memphis Grizzlies,82,19705,0.447,11.4,0.763,0.354,0.145,0.089,0.176,0.237,0.475,0.578,0.388,0.369,0.39,0.357,0.546,0.065,358,0.896,0.31,0.369,15,0,2005
Miami Heat,82,19980,0.486,11.5,0.802,0.336,0.137,0.111,0.218,0.198,0.513,0.652,0.423,0.376,0.427,0.377,0.528,0.084,499,0.855,0.255,0.374,7,1,2005
Milwaukee Bucks,82,19780,0.45,11.1,0.859,0.331,0.128,0.177,0.224,0.141,0.467,0.558,0.395,0.412,0.416,0.351,0.543,0.044,261,0.88,0.266,0.37,8,0,2005
Minnesota Timberwolves,82,19755,0.459,13.2,0.827,0.225,0.138,0.18,0.285,0.173,0.483,0.618,0.435,0.426,0.436,0.345,0.593,0.03,181,0.876,0.211,0.388,13,0,2005
New Jersey Nets,82,19905,0.429,12.9,0.813,0.276,0.118,0.119,0.299,0.187,0.444,0.538,0.402,0.365,0.407,0.362,0.597,0.038,217,0.89,0.279,0.39,12,0,2005
New Orleans Hornets,82,19930,0.415,12.6,0.799,0.304,0.096,0.122,0.277,0.201,0.44,0.537,0.374,0.382,0.381,0.315,0.601,0.044,256,0.822,0.227,0.331,9,0,2005
New York Knicks,82,19880,0.451,12.1,0.812,0.3,0.14,0.122,0.251,0.188,0.473,0.586,0.396,0.419,0.407,0.356,0.515,0.04,239,0.812,0.261,0.395,16,0,2005
Orlando Magic,82,19705,0.454,11.6,0.863,0.327,0.106,0.154,0.276,0.137,0.471,0.597,0.373,0.399,0.4,0.349,0.487,0.069,422,0.813,0.204,0.385,7,0,2005
Philadelphia 76ers,82,19855,0.437,12,0.784,0.323,0.12,0.129,0.213,0.216,0.462,0.587,0.374,0.349,0.391,0.348,0.521,0.05,317,0.869,0.253,0.414,7,0,2005
Phoenix Suns,82,19780,0.477,13,0.711,0.3,0.119,0.12,0.172,0.289,0.512,0.64,0.421,0.418,0.416,0.393,0.483,0.078,505,0.869,0.312,0.413,22,1,2005
Portland Trail Blazers,82,19730,0.451,11.1,0.819,0.335,0.161,0.11,0.213,0.181,0.471,0.611,0.382,0.341,0.384,0.362,0.553,0.076,446,0.84,0.213,0.397,10,0,2005
Sacramento Kings,82,19855,0.459,13.4,0.8,0.258,0.125,0.081,0.336,0.2,0.48,0.618,0.435,0.38,0.415,0.374,0.582,0.039,238,0.852,0.254,0.418,9,0,2005
San Antonio Spurs,82,19805,0.453,11.6,0.784,0.293,0.201,0.118,0.173,0.216,0.478,0.637,0.399,0.378,0.369,0.363,0.536,0.034,187,0.939,0.431,0.388,8,0,2005
Seattle SuperSonics,82,19755,0.444,12.9,0.719,0.276,0.16,0.118,0.165,0.281,0.474,0.605,0.397,0.397,0.385,0.365,0.411,0.04,234,0.865,0.239,0.399,19,0,2005
Toronto Raptors,82,19805,0.444,12.9,0.747,0.283,0.123,0.136,0.206,0.253,0.463,0.564,0.403,0.402,0.401,0.385,0.488,0.04,232,0.843,0.384,0.416,13,0,2005
Utah Jazz,82,19780,0.449,11.6,0.879,0.336,0.093,0.137,0.312,0.121,0.465,0.589,0.363,0.378,0.402,0.328,0.625,0.042,243,0.86,0.252,0.38,14,0,2005
Washington Wizards,82,19780,0.437,12.5,0.78,0.268,0.188,0.118,0.206,0.22,0.463,0.664,0.323,0.345,0.396,0.343,0.478,0.053,339,0.763,0.208,0.321,8,1,2005
All Teams,82,19838,0.447,12.1,0.804,0.304,0.135,0.129,0.236,0.196,0.47,0.596,0.391,0.383,0.4,0.356,0.544,0.051,305,0.854,0.272,0.384,12.1,0.1,2005
Atlanta Hawks,82,19880,0.454,11.3,0.822,0.342,0.132,0.118,0.231,0.178,0.472,0.583,0.371,0.377,0.414,0.367,0.504,0.047,290,0.837,0.278,0.383,11,0,2006
Boston Celtics,82,19880,0.467,12,0.796,0.341,0.117,0.111,0.228,0.204,0.494,0.602,0.381,0.411,0.43,0.362,0.523,0.042,247,0.895,0.267,0.39,14,2,2006
Charlotte Bobcats,82,19905,0.433,11.9,0.816,0.328,0.12,0.107,0.261,0.184,0.454,0.566,0.407,0.364,0.371,0.339,0.527,0.04,244,0.893,0.315,0.411,18,1,2006
Chicago Bulls,82,19905,0.446,13,0.781,0.292,0.106,0.114,0.269,0.219,0.465,0.551,0.42,0.41,0.412,0.379,0.552,0.025,158,0.813,0.284,0.389,12,0,2006
Cleveland Cavaliers,82,19830,0.454,11.9,0.772,0.351,0.121,0.103,0.198,0.228,0.487,0.616,0.375,0.348,0.399,0.339,0.482,0.054,317,0.803,0.365,0.36,15,0,2006
Dallas Mavericks,82,19880,0.462,11.8,0.825,0.287,0.143,0.178,0.218,0.175,0.481,0.571,0.423,0.425,0.447,0.374,0.435,0.035,195,0.894,0.232,0.422,19,0,2006
Denver Nuggets,82,19930,0.461,11.4,0.839,0.367,0.088,0.103,0.28,0.161,0.487,0.613,0.368,0.377,0.401,0.325,0.591,0.075,466,0.886,0.303,0.319,20,1,2006
Detroit Pistons,82,19830,0.455,13.2,0.779,0.269,0.086,0.174,0.249,0.221,0.475,0.608,0.405,0.415,0.398,0.384,0.629,0.059,347,0.797,0.293,0.4,4,0,2006
Golden State Warriors,82,19830,0.433,13.1,0.73,0.283,0.152,0.083,0.211,0.27,0.467,0.633,0.348,0.357,0.374,0.341,0.519,0.051,315,0.789,0.267,0.38,13,0,2006
Houston Rockets,82,19830,0.433,12.6,0.774,0.281,0.151,0.118,0.225,0.226,0.463,0.577,0.426,0.367,0.395,0.332,0.531,0.035,193,0.832,0.26,0.391,9,0,2006
Indiana Pacers,82,19730,0.444,12.9,0.755,0.283,0.141,0.133,0.198,0.245,0.475,0.603,0.431,0.363,0.398,0.349,0.531,0.042,249,0.815,0.239,0.376,12,0,2006
Los Angeles Clippers,82,19805,0.465,11.9,0.869,0.248,0.174,0.206,0.242,0.131,0.483,0.593,0.467,0.469,0.392,0.344,0.537,0.032,186,0.886,0.217,0.393,14,0,2006
Los Angeles Lakers,82,19855,0.453,12.8,0.76,0.304,0.121,0.106,0.229,0.24,0.486,0.6,0.439,0.396,0.4,0.349,0.515,0.053,322,0.864,0.186,0.38,13,0,2006
Memphis Grizzlies,82,19855,0.448,12,0.742,0.328,0.145,0.092,0.178,0.258,0.474,0.603,0.372,0.335,0.392,0.374,0.494,0.051,275,0.885,0.304,0.386,8,0,2006
Miami Heat,82,19755,0.478,11.4,0.773,0.34,0.162,0.094,0.177,0.227,0.517,0.669,0.406,0.36,0.411,0.345,0.485,0.084,499,0.924,0.284,0.401,16,1,2006
Milwaukee Bucks,82,19855,0.453,11.4,0.797,0.339,0.134,0.132,0.192,0.203,0.472,0.575,0.39,0.395,0.4,0.38,0.536,0.043,266,0.878,0.295,0.401,2,0,2006
Minnesota Timberwolves,82,19855,0.456,12.5,0.851,0.285,0.118,0.145,0.304,0.149,0.478,0.601,0.441,0.406,0.41,0.329,0.57,0.048,289,0.797,0.197,0.414,19,0,2006
New Jersey Nets,82,19780,0.44,12.9,0.771,0.299,0.114,0.102,0.257,0.229,0.472,0.569,0.393,0.36,0.44,0.33,0.634,0.052,292,0.893,0.269,0.373,16,1,2006
New Orleans/Oklahoma City Hornets,82,19805,0.44,11.2,0.862,0.324,0.133,0.139,0.267,0.138,0.457,0.572,0.364,0.363,0.411,0.339,0.497,0.05,284,0.873,0.234,0.386,8,0,2006
New York Knicks,82,19930,0.455,10,0.858,0.383,0.161,0.108,0.205,0.142,0.47,0.573,0.391,0.361,0.397,0.362,0.479,0.063,353,0.844,0.381,0.395,15,0,2006
Orlando Magic,82,19905,0.472,10.9,0.871,0.358,0.125,0.13,0.258,0.129,0.486,0.599,0.385,0.398,0.424,0.376,0.474,0.075,419,0.863,0.198,0.449,12,0,2006
Philadelphia 76ers,82,19905,0.458,11.1,0.842,0.328,0.15,0.145,0.22,0.158,0.476,0.59,0.416,0.395,0.401,0.364,0.502,0.069,421,0.891,0.263,0.399,6,0,2006
Phoenix Suns,82,19955,0.479,14.4,0.707,0.254,0.089,0.104,0.26,0.293,0.511,0.662,0.413,0.415,0.437,0.399,0.569,0.041,275,0.84,0.286,0.42,10,0,2006
Portland Trail Blazers,82,19730,0.445,11.9,0.834,0.31,0.143,0.097,0.283,0.166,0.464,0.599,0.367,0.407,0.386,0.349,0.485,0.05,281,0.86,0.283,0.363,16,1,2006
Sacramento Kings,82,19830,0.454,13.3,0.783,0.281,0.118,0.07,0.315,0.217,0.483,0.628,0.427,0.382,0.397,0.351,0.566,0.04,246,0.874,0.247,0.365,10,0,2006
San Antonio Spurs,82,19805,0.472,11.8,0.785,0.295,0.187,0.109,0.194,0.215,0.496,0.657,0.407,0.399,0.39,0.385,0.504,0.03,170,0.901,0.408,0.432,8,0,2006
Seattle SuperSonics,82,19830,0.459,12.5,0.757,0.275,0.173,0.124,0.184,0.243,0.487,0.615,0.42,0.401,0.415,0.371,0.481,0.054,318,0.836,0.207,0.412,19,0,2006
Toronto Raptors,82,19955,0.454,12.9,0.756,0.279,0.135,0.128,0.214,0.244,0.479,0.584,0.431,0.376,0.433,0.375,0.449,0.039,236,0.842,0.352,0.382,13,1,2006
Utah Jazz,82,19880,0.442,11.7,0.851,0.348,0.097,0.109,0.297,0.149,0.461,0.588,0.337,0.389,0.378,0.336,0.62,0.032,181,0.846,0.129,0.37,10,1,2006
Washington Wizards,82,19830,0.447,12.6,0.791,0.287,0.164,0.093,0.247,0.209,0.471,0.638,0.354,0.388,0.385,0.357,0.463,0.047,299,0.757,0.179,0.356,10,0,2006
All Teams,82,19853,0.454,12.2,0.798,0.309,0.133,0.119,0.236,0.202,0.478,0.601,0.4,0.391,0.405,0.358,0.523,0.049,288,0.851,0.27,0.39,12.4,0.3,2006
Atlanta Hawks,82,19880,0.444,11.7,0.837,0.356,0.097,0.09,0.294,0.163,0.467,0.572,0.385,0.398,0.387,0.329,0.518,0.047,273,0.833,0.253,0.373,8,0,2007
Boston Celtics,82,19855,0.443,12,0.801,0.317,0.152,0.102,0.23,0.199,0.462,0.585,0.379,0.368,0.388,0.367,0.499,0.032,189,0.93,0.271,0.414,12,0,2007
Charlotte Bobcats,82,20005,0.446,11.8,0.807,0.335,0.129,0.095,0.249,0.193,0.467,0.574,0.381,0.352,0.41,0.357,0.565,0.04,251,0.921,0.352,0.384,14,1,2007
Chicago Bulls,82,19780,0.457,12.7,0.814,0.302,0.1,0.118,0.295,0.186,0.473,0.567,0.386,0.407,0.432,0.388,0.562,0.041,259,0.81,0.223,0.42,11,0,2007
Cleveland Cavaliers,82,19880,0.447,12.1,0.789,0.323,0.129,0.123,0.214,0.211,0.473,0.622,0.358,0.373,0.375,0.352,0.519,0.045,282,0.846,0.342,0.363,12,2,2007
Dallas Mavericks,82,19755,0.467,13,0.782,0.269,0.104,0.163,0.246,0.218,0.491,0.606,0.401,0.452,0.43,0.381,0.469,0.035,210,0.88,0.328,0.377,14,0,2007
Denver Nuggets,82,19780,0.465,11.4,0.788,0.37,0.104,0.1,0.214,0.212,0.5,0.632,0.393,0.392,0.373,0.336,0.55,0.074,461,0.924,0.251,0.318,16,0,2007
Detroit Pistons,82,19880,0.454,12.4,0.799,0.291,0.11,0.182,0.216,0.201,0.481,0.602,0.408,0.404,0.421,0.344,0.561,0.052,307,0.822,0.318,0.352,13,1,2007
Golden State Warriors,82,19755,0.463,12.3,0.721,0.338,0.135,0.077,0.172,0.279,0.504,0.654,0.362,0.359,0.386,0.356,0.525,0.048,325,0.866,0.339,0.386,15,0,2007
Houston Rockets,82,19855,0.445,13.2,0.71,0.276,0.145,0.104,0.185,0.29,0.475,0.578,0.431,0.385,0.406,0.372,0.518,0.022,142,0.8,0.269,0.399,7,1,2007
Indiana Pacers,82,19780,0.438,12.6,0.788,0.272,0.158,0.146,0.213,0.212,0.462,0.589,0.416,0.379,0.392,0.346,0.522,0.033,201,0.898,0.269,0.366,11,2,2007
Los Angeles Clippers,82,19730,0.456,12.2,0.857,0.252,0.157,0.194,0.255,0.143,0.474,0.619,0.454,0.406,0.394,0.348,0.572,0.026,158,0.933,0.181,0.38,16,0,2007
Los Angeles Lakers,82,20030,0.466,12.4,0.741,0.326,0.122,0.096,0.196,0.259,0.505,0.611,0.429,0.428,0.415,0.353,0.537,0.049,308,0.837,0.229,0.392,14,0,2007
Memphis Grizzlies,82,19980,0.465,11.7,0.789,0.343,0.139,0.1,0.207,0.211,0.491,0.595,0.425,0.394,0.41,0.367,0.505,0.07,402,0.836,0.163,0.446,17,0,2007
Miami Heat,82,19855,0.464,12.4,0.755,0.304,0.147,0.094,0.211,0.245,0.503,0.642,0.432,0.393,0.402,0.343,0.514,0.054,315,0.856,0.263,0.366,12,0,2007
Milwaukee Bucks,82,19855,0.465,11.4,0.781,0.36,0.124,0.113,0.183,0.219,0.495,0.6,0.43,0.419,0.381,0.356,0.512,0.04,244,0.844,0.26,0.376,5,0,2007
Minnesota Timberwolves,82,20005,0.461,12.8,0.833,0.267,0.127,0.133,0.305,0.167,0.483,0.608,0.426,0.432,0.419,0.353,0.576,0.037,214,0.896,0.259,0.369,24,1,2007
New Jersey Nets,82,19880,0.457,12.8,0.737,0.332,0.089,0.077,0.24,0.263,0.49,0.585,0.422,0.396,0.413,0.363,0.609,0.06,347,0.916,0.273,0.393,11,0,2007
New Orleans/Oklahoma City Hornets,82,19880,0.445,11.5,0.812,0.307,0.17,0.119,0.216,0.188,0.464,0.602,0.404,0.344,0.382,0.362,0.456,0.049,285,0.855,0.217,0.388,8,0,2007
New York Knicks,82,20005,0.457,10.8,0.784,0.389,0.142,0.073,0.18,0.216,0.487,0.6,0.411,0.328,0.368,0.346,0.475,0.051,302,0.797,0.261,0.364,17,0,2007
Orlando Magic,82,19780,0.472,10.8,0.842,0.361,0.15,0.106,0.225,0.158,0.494,0.631,0.415,0.36,0.391,0.356,0.483,0.078,436,0.883,0.291,0.382,6,0,2007
Philadelphia 76ers,82,19880,0.458,11.4,0.872,0.321,0.117,0.171,0.262,0.128,0.474,0.616,0.381,0.373,0.408,0.345,0.535,0.069,407,0.887,0.213,0.394,16,0,2007
Phoenix Suns,82,19905,0.494,13.1,0.713,0.31,0.104,0.097,0.202,0.287,0.532,0.671,0.455,0.433,0.407,0.399,0.557,0.063,389,0.856,0.315,0.448,15,0,2007
Portland Trail Blazers,82,19955,0.45,12.2,0.807,0.288,0.162,0.105,0.253,0.193,0.474,0.589,0.441,0.38,0.405,0.346,0.464,0.033,185,0.885,0.363,0.396,23,0,2007
Sacramento Kings,82,19805,0.45,12.7,0.768,0.294,0.142,0.077,0.255,0.232,0.48,0.6,0.418,0.38,0.408,0.35,0.502,0.035,206,0.858,0.194,0.357,4,0,2007
San Antonio Spurs,82,19780,0.474,12.7,0.753,0.288,0.155,0.107,0.204,0.247,0.504,0.653,0.444,0.406,0.392,0.381,0.523,0.025,128,0.934,0.384,0.406,9,0,2007
Seattle SuperSonics,82,19830,0.46,11.8,0.781,0.291,0.183,0.137,0.17,0.219,0.487,0.625,0.421,0.391,0.401,0.362,0.503,0.061,359,0.811,0.235,0.349,14,0,2007
Toronto Raptors,82,19755,0.463,13.2,0.776,0.277,0.109,0.117,0.273,0.224,0.492,0.619,0.429,0.379,0.437,0.363,0.536,0.04,229,0.906,0.329,0.427,13,1,2007
Utah Jazz,82,19805,0.474,11.4,0.837,0.359,0.107,0.113,0.257,0.163,0.501,0.621,0.371,0.401,0.432,0.335,0.632,0.039,239,0.867,0.159,0.298,13,0,2007
Washington Wizards,82,19830,0.45,13.2,0.763,0.294,0.121,0.079,0.269,0.237,0.482,0.626,0.386,0.355,0.405,0.348,0.487,0.041,268,0.781,0.208,0.352,8,1,2007
All Teams,82,19856,0.458,12.2,0.787,0.314,0.131,0.113,0.229,0.213,0.485,0.61,0.411,0.392,0.404,0.358,0.527,0.046,277,0.863,0.271,0.384,12.6,0.3,2007
Atlanta Hawks,82,19855,0.454,11.5,0.835,0.339,0.14,0.096,0.261,0.165,0.473,0.602,0.414,0.342,0.386,0.356,0.572,0.062,370,0.836,0.25,0.387,17,1,2008
Boston Celtics,82,19755,0.475,12.7,0.751,0.32,0.118,0.102,0.211,0.249,0.506,0.615,0.405,0.405,0.447,0.381,0.549,0.045,267,0.874,0.253,0.41,15,0,2008
Charlotte Bobcats,82,19880,0.452,12,0.78,0.338,0.114,0.098,0.229,0.22,0.476,0.586,0.412,0.358,0.395,0.367,0.526,0.053,308,0.888,0.351,0.372,6,0,2008
Chicago Bulls,82,19805,0.435,12.6,0.81,0.306,0.102,0.12,0.282,0.19,0.452,0.537,0.392,0.384,0.411,0.363,0.556,0.046,284,0.873,0.232,0.396,11,0,2008
Cleveland Cavaliers,82,19855,0.439,12.7,0.769,0.321,0.105,0.106,0.238,0.231,0.463,0.602,0.366,0.357,0.365,0.358,0.498,0.041,251,0.821,0.345,0.383,9,0,2008
Dallas Mavericks,82,19730,0.464,13,0.785,0.264,0.108,0.17,0.243,0.215,0.495,0.611,0.398,0.438,0.453,0.352,0.503,0.039,239,0.903,0.279,0.371,19,0,2008
Denver Nuggets,82,19855,0.47,11.9,0.772,0.362,0.102,0.1,0.208,0.228,0.504,0.622,0.4,0.392,0.404,0.355,0.551,0.076,488,0.907,0.241,0.403,32,0,2008
Detroit Pistons,82,19730,0.458,13.5,0.797,0.265,0.085,0.153,0.295,0.203,0.481,0.613,0.392,0.405,0.428,0.366,0.566,0.047,278,0.842,0.259,0.366,14,0,2008
Golden State Warriors,82,19780,0.459,12.7,0.705,0.345,0.121,0.068,0.171,0.295,0.506,0.634,0.378,0.378,0.39,0.348,0.459,0.047,319,0.815,0.245,0.39,21,0,2008
Houston Rockets,82,19730,0.448,12.7,0.745,0.315,0.127,0.096,0.206,0.255,0.485,0.593,0.41,0.404,0.403,0.342,0.522,0.04,243,0.846,0.204,0.375,12,0,2008
Indiana Pacers,82,19755,0.444,14,0.711,0.246,0.138,0.111,0.216,0.289,0.472,0.616,0.423,0.38,0.386,0.374,0.496,0.03,193,0.927,0.188,0.398,10,0,2008
Los Angeles Clippers,82,19805,0.438,12.9,0.833,0.261,0.128,0.153,0.291,0.167,0.46,0.592,0.428,0.387,0.395,0.324,0.571,0.034,202,0.917,0.151,0.362,16,2,2008
Los Angeles Lakers,82,19780,0.476,12.6,0.743,0.328,0.109,0.093,0.213,0.257,0.51,0.632,0.427,0.389,0.417,0.378,0.554,0.069,439,0.863,0.28,0.422,13,0,2008
Memphis Grizzlies,82,19805,0.454,12.4,0.736,0.324,0.142,0.093,0.178,0.264,0.492,0.61,0.424,0.362,0.399,0.349,0.42,0.054,336,0.887,0.197,0.389,29,0,2008
Miami Heat,82,19830,0.443,13.4,0.783,0.268,0.115,0.107,0.294,0.217,0.467,0.614,0.391,0.37,0.397,0.358,0.534,0.051,284,0.829,0.221,0.403,11,0,2008
Milwaukee Bucks,82,19855,0.449,11.6,0.805,0.33,0.149,0.117,0.21,0.195,0.474,0.561,0.411,0.381,0.433,0.344,0.535,0.047,288,0.847,0.26,0.411,11,0,2008
Minnesota Timberwolves,82,19730,0.451,11.6,0.815,0.306,0.181,0.122,0.206,0.185,0.474,0.589,0.43,0.379,0.399,0.35,0.474,0.035,210,0.862,0.191,0.358,27,0,2008
New Jersey Nets,82,19830,0.443,12.4,0.778,0.347,0.085,0.09,0.256,0.222,0.47,0.563,0.365,0.402,0.403,0.348,0.632,0.068,384,0.873,0.259,0.424,23,0,2008
New Orleans Hornets,82,19805,0.466,12.8,0.761,0.284,0.137,0.113,0.227,0.239,0.49,0.617,0.427,0.4,0.413,0.389,0.484,0.057,361,0.887,0.289,0.439,7,1,2008
New York Knicks,82,19880,0.439,11.5,0.785,0.353,0.137,0.101,0.194,0.215,0.467,0.554,0.406,0.365,0.406,0.337,0.461,0.044,266,0.792,0.249,0.362,21,1,2008
Orlando Magic,82,19780,0.474,12.8,0.678,0.325,0.126,0.096,0.132,0.322,0.516,0.635,0.414,0.405,0.401,0.386,0.446,0.071,423,0.873,0.334,0.413,18,0,2008
Philadelphia 76ers,82,19755,0.46,10.9,0.857,0.359,0.116,0.154,0.227,0.143,0.483,0.614,0.402,0.396,0.378,0.317,0.516,0.074,459,0.831,0.261,0.367,23,1,2008
Phoenix Suns,82,19780,0.5,12.7,0.74,0.31,0.116,0.102,0.211,0.26,0.538,0.671,0.44,0.439,0.444,0.393,0.6,0.066,422,0.818,0.322,0.401,5,0,2008
Portland Trail Blazers,82,19905,0.448,14.1,0.782,0.214,0.137,0.121,0.311,0.218,0.468,0.603,0.43,0.407,0.416,0.377,0.516,0.048,276,0.92,0.379,0.409,29,1,2008
Sacramento Kings,82,19830,0.464,12,0.792,0.33,0.124,0.098,0.239,0.208,0.488,0.599,0.391,0.397,0.423,0.373,0.451,0.044,273,0.833,0.267,0.389,8,0,2008
San Antonio Spurs,82,19730,0.457,13.2,0.749,0.248,0.157,0.116,0.227,0.251,0.487,0.649,0.401,0.402,0.413,0.369,0.498,0.017,94,0.928,0.414,0.401,11,0,2008
Seattle SuperSonics,82,19830,0.444,11.6,0.866,0.287,0.159,0.144,0.277,0.134,0.462,0.594,0.39,0.377,0.408,0.333,0.527,0.057,363,0.85,0.243,0.377,5,0,2008
Toronto Raptors,82,19830,0.468,13.6,0.783,0.272,0.085,0.111,0.314,0.217,0.489,0.603,0.443,0.426,0.425,0.392,0.549,0.053,317,0.944,0.311,0.412,19,3,2008
Utah Jazz,82,19705,0.497,11.2,0.834,0.375,0.099,0.1,0.26,0.166,0.522,0.641,0.425,0.416,0.429,0.372,0.629,0.057,341,0.882,0.195,0.404,19,0,2008
Washington Wizards,82,19905,0.446,13,0.759,0.285,0.145,0.098,0.231,0.241,0.475,0.633,0.384,0.353,0.388,0.356,0.474,0.043,283,0.805,0.181,0.38,7,0,2008
All Teams,82,19801,0.457,12.5,0.778,0.308,0.124,0.111,0.235,0.222,0.484,0.607,0.408,0.391,0.409,0.362,0.523,0.051,309,0.867,0.264,0.395,15.6,0.3,2008
Atlanta Hawks,82,19705,0.458,13.3,0.747,0.267,0.16,0.101,0.219,0.253,0.49,0.627,0.461,0.403,0.384,0.366,0.483,0.055,314,0.868,0.285,0.4,17,0,2009
Boston Celtics,82,19880,0.486,12.1,0.786,0.332,0.123,0.109,0.223,0.214,0.51,0.633,0.402,0.411,0.434,0.397,0.541,0.044,266,0.911,0.301,0.446,5,0,2009
Charlotte Bobcats,82,19930,0.455,11.6,0.787,0.368,0.119,0.082,0.219,0.213,0.479,0.566,0.384,0.398,0.415,0.366,0.539,0.047,274,0.939,0.299,0.385,18,1,2009
Chicago Bulls,82,19930,0.457,12.4,0.811,0.33,0.084,0.104,0.293,0.189,0.474,0.574,0.386,0.387,0.418,0.381,0.505,0.048,300,0.817,0.246,0.374,13,0,2009
Cleveland Cavaliers,82,19780,0.468,13.7,0.741,0.278,0.101,0.101,0.262,0.259,0.495,0.644,0.385,0.391,0.418,0.393,0.484,0.049,289,0.79,0.351,0.412,10,0,2009
Dallas Mavericks,82,19805,0.462,13.4,0.759,0.266,0.089,0.162,0.242,0.241,0.498,0.601,0.402,0.443,0.456,0.35,0.506,0.042,262,0.851,0.282,0.335,17,1,2009
Denver Nuggets,82,19730,0.47,11.8,0.773,0.376,0.1,0.081,0.216,0.227,0.499,0.616,0.407,0.327,0.401,0.371,0.555,0.088,523,0.777,0.193,0.389,18,1,2009
Detroit Pistons,82,19905,0.454,12.7,0.835,0.284,0.091,0.156,0.304,0.165,0.475,0.587,0.477,0.405,0.406,0.349,0.51,0.039,233,0.955,0.38,0.38,11,0,2009
Golden State Warriors,82,19880,0.458,12.6,0.791,0.308,0.138,0.092,0.252,0.209,0.48,0.632,0.362,0.366,0.402,0.373,0.468,0.044,290,0.827,0.224,0.461,18,1,2009
Houston Rockets,82,19805,0.453,12.3,0.746,0.309,0.16,0.111,0.166,0.254,0.48,0.568,0.45,0.409,0.393,0.375,0.492,0.033,195,0.824,0.194,0.383,25,0,2009
Indiana Pacers,82,19830,0.455,12.9,0.756,0.295,0.135,0.103,0.223,0.244,0.48,0.592,0.413,0.41,0.403,0.378,0.454,0.026,167,0.933,0.174,0.37,9,0,2009
Los Angeles Clippers,82,19880,0.441,12.2,0.774,0.336,0.119,0.102,0.218,0.226,0.467,0.582,0.4,0.347,0.382,0.354,0.525,0.045,260,0.847,0.18,0.426,30,3,2009
Los Angeles Lakers,82,19780,0.474,11.9,0.783,0.32,0.148,0.119,0.196,0.217,0.505,0.616,0.44,0.443,0.41,0.361,0.522,0.068,442,0.854,0.274,0.366,14,0,2009
Memphis Grizzlies,82,19805,0.454,11.4,0.825,0.332,0.164,0.102,0.227,0.175,0.474,0.573,0.405,0.398,0.414,0.36,0.433,0.07,406,0.892,0.252,0.394,13,0,2009
Miami Heat,82,19955,0.457,13.3,0.755,0.275,0.119,0.114,0.247,0.245,0.489,0.619,0.423,0.412,0.411,0.357,0.485,0.062,363,0.826,0.288,0.364,22,0,2009
Milwaukee Bucks,82,19780,0.445,12.4,0.792,0.305,0.118,0.125,0.243,0.208,0.467,0.568,0.437,0.384,0.398,0.363,0.539,0.043,257,0.892,0.304,0.4,8,1,2009
Minnesota Timberwolves,82,19805,0.441,11.9,0.773,0.332,0.137,0.107,0.196,0.227,0.467,0.571,0.4,0.365,0.395,0.353,0.491,0.031,186,0.875,0.292,0.411,18,0,2009
New Jersey Nets,82,19830,0.448,12.8,0.735,0.33,0.088,0.102,0.215,0.265,0.473,0.578,0.416,0.375,0.383,0.376,0.478,0.051,304,0.842,0.307,0.451,9,0,2009
New Orleans Hornets,82,19755,0.457,12.8,0.76,0.276,0.134,0.137,0.213,0.24,0.487,0.613,0.451,0.387,0.41,0.364,0.471,0.056,325,0.899,0.33,0.414,9,0,2009
New York Knicks,82,19805,0.445,12.8,0.678,0.349,0.091,0.084,0.154,0.322,0.486,0.576,0.412,0.364,0.391,0.36,0.447,0.037,235,0.843,0.239,0.382,19,0,2009
Oklahoma City Thunder,82,19805,0.447,11,0.859,0.338,0.134,0.138,0.248,0.141,0.463,0.606,0.358,0.388,0.368,0.346,0.515,0.071,429,0.878,0.217,0.345,12,0,2009
Orlando Magic,82,19730,0.457,13.6,0.665,0.282,0.127,0.101,0.155,0.335,0.495,0.623,0.405,0.424,0.381,0.381,0.417,0.054,327,0.871,0.303,0.395,11,0,2009
Philadelphia 76ers,82,19755,0.459,10.8,0.836,0.382,0.112,0.138,0.204,0.164,0.486,0.598,0.385,0.397,0.394,0.318,0.516,0.074,458,0.809,0.285,0.348,14,1,2009
Phoenix Suns,82,19755,0.504,10.9,0.784,0.363,0.164,0.1,0.158,0.216,0.537,0.665,0.442,0.387,0.437,0.383,0.52,0.078,471,0.796,0.297,0.394,18,0,2009
Portland Trail Blazers,82,19830,0.465,12.8,0.761,0.294,0.126,0.109,0.231,0.239,0.49,0.621,0.419,0.382,0.414,0.383,0.467,0.075,437,0.901,0.395,0.402,29,1,2009
Sacramento Kings,82,19905,0.447,12.7,0.762,0.29,0.141,0.103,0.229,0.238,0.472,0.596,0.378,0.408,0.402,0.368,0.481,0.044,268,0.79,0.269,0.421,17,0,2009
San Antonio Spurs,82,19905,0.466,13.4,0.752,0.253,0.14,0.109,0.25,0.248,0.492,0.616,0.456,0.405,0.424,0.386,0.489,0.012,75,0.885,0.376,0.394,9,0,2009
Toronto Raptors,82,19805,0.458,13.1,0.807,0.264,0.117,0.132,0.294,0.193,0.478,0.601,0.42,0.375,0.438,0.372,0.543,0.054,318,0.91,0.247,0.421,16,0,2009
Utah Jazz,82,19880,0.475,11.2,0.831,0.379,0.101,0.091,0.259,0.169,0.5,0.614,0.371,0.422,0.412,0.349,0.609,0.068,412,0.893,0.205,0.4,9,0,2009
Washington Wizards,82,19705,0.45,11.9,0.82,0.317,0.154,0.107,0.242,0.18,0.476,0.614,0.386,0.383,0.395,0.33,0.506,0.043,276,0.825,0.192,0.326,6,0,2009
All Teams,82,19826,0.459,12.4,0.776,0.314,0.124,0.111,0.227,0.224,0.485,0.602,0.412,0.395,0.407,0.367,0.501,0.051,312,0.859,0.274,0.395,14.8,0.3,2009
Atlanta Hawks,82,19855,0.468,12.3,0.786,0.296,0.167,0.087,0.237,0.214,0.497,0.638,0.435,0.417,0.394,0.36,0.51,0.057,366,0.828,0.388,0.36,18,1,2010
Boston Celtics,82,19780,0.483,11.9,0.772,0.339,0.139,0.107,0.188,0.228,0.523,0.65,0.419,0.423,0.425,0.348,0.585,0.036,206,0.89,0.214,0.339,11,0,2010
Charlotte Bobcats,82,19880,0.453,11,0.789,0.408,0.098,0.08,0.203,0.211,0.482,0.58,0.398,0.365,0.372,0.346,0.526,0.056,302,0.861,0.286,0.378,19,1,2010
Chicago Bulls,82,19905,0.451,11.9,0.844,0.331,0.105,0.108,0.3,0.156,0.474,0.575,0.432,0.418,0.398,0.33,0.51,0.049,302,0.884,0.308,0.393,9,0,2010
Cleveland Cavaliers,82,19780,0.485,12.5,0.752,0.339,0.119,0.08,0.214,0.248,0.52,0.667,0.443,0.369,0.387,0.381,0.551,0.073,427,0.762,0.329,0.412,12,1,2010
Dallas Mavericks,82,19880,0.464,12.7,0.778,0.282,0.127,0.142,0.229,0.222,0.491,0.6,0.422,0.41,0.444,0.372,0.556,0.038,235,0.864,0.221,0.399,13,0,2010
Denver Nuggets,82,19780,0.468,12,0.773,0.351,0.11,0.094,0.218,0.227,0.5,0.623,0.388,0.4,0.401,0.359,0.503,0.066,407,0.772,0.214,0.4,16,0,2010
Detroit Pistons,82,19780,0.445,11.8,0.82,0.319,0.125,0.145,0.23,0.18,0.474,0.588,0.395,0.414,0.396,0.314,0.49,0.045,264,0.89,0.322,0.334,14,0,2010
Golden State Warriors,82,19730,0.469,13.3,0.762,0.298,0.113,0.095,0.256,0.238,0.499,0.651,0.367,0.393,0.419,0.375,0.481,0.039,262,0.858,0.253,0.433,20,0,2010
Houston Rockets,82,19905,0.447,12,0.735,0.346,0.134,0.089,0.165,0.265,0.481,0.572,0.427,0.382,0.388,0.351,0.507,0.031,196,0.85,0.24,0.395,15,0,2010
Indiana Pacers,82,19705,0.443,13.4,0.722,0.28,0.135,0.098,0.209,0.278,0.479,0.599,0.425,0.403,0.39,0.348,0.474,0.034,216,0.926,0.189,0.362,11,0,2010
Los Angeles Clippers,82,19705,0.455,12,0.779,0.341,0.113,0.117,0.208,0.221,0.49,0.602,0.458,0.362,0.394,0.332,0.563,0.046,281,0.814,0.225,0.366,19,0,2010
Los Angeles Lakers,82,19830,0.457,12.1,0.773,0.311,0.15,0.121,0.191,0.227,0.492,0.597,0.436,0.426,0.406,0.341,0.497,0.054,344,0.812,0.231,0.382,18,1,2010
Memphis Grizzlies,82,19905,0.469,10.5,0.852,0.37,0.168,0.11,0.203,0.148,0.492,0.605,0.432,0.383,0.395,0.337,0.433,0.048,301,0.86,0.223,0.419,25,2,2010
Miami Heat,82,19880,0.458,13,0.781,0.272,0.114,0.14,0.256,0.219,0.489,0.641,0.445,0.393,0.399,0.346,0.461,0.061,363,0.81,0.266,0.389,12,0,2010
Milwaukee Bucks,82,19980,0.436,13,0.741,0.288,0.13,0.114,0.209,0.259,0.464,0.56,0.411,0.375,0.413,0.356,0.495,0.029,184,0.851,0.285,0.398,9,1,2010
Minnesota Timberwolves,82,19780,0.449,11.5,0.829,0.308,0.166,0.146,0.21,0.171,0.471,0.606,0.412,0.39,0.374,0.341,0.475,0.037,234,0.846,0.224,0.358,21,2,2010
New Jersey Nets,82,19780,0.429,11.4,0.819,0.346,0.126,0.119,0.229,0.181,0.454,0.568,0.379,0.365,0.368,0.318,0.496,0.054,316,0.881,0.318,0.361,14,3,2010
New Orleans Hornets,82,19830,0.464,12.3,0.77,0.318,0.121,0.127,0.204,0.23,0.495,0.606,0.432,0.4,0.418,0.363,0.52,0.031,188,0.828,0.203,0.423,10,0,2010
New York Knicks,82,19880,0.455,13.4,0.688,0.327,0.087,0.071,0.203,0.312,0.504,0.614,0.399,0.414,0.403,0.346,0.479,0.036,233,0.849,0.204,0.377,13,1,2010
Oklahoma City Thunder,82,19805,0.462,11.5,0.815,0.332,0.125,0.135,0.223,0.185,0.49,0.612,0.43,0.406,0.393,0.34,0.48,0.064,389,0.883,0.232,0.333,7,0,2010
Orlando Magic,82,19730,0.47,13.7,0.65,0.301,0.123,0.082,0.144,0.35,0.521,0.63,0.468,0.408,0.405,0.375,0.421,0.057,345,0.837,0.282,0.421,23,0,2010
Philadelphia 76ers,82,19805,0.46,12.1,0.794,0.311,0.127,0.146,0.209,0.206,0.491,0.615,0.427,0.387,0.416,0.343,0.502,0.061,392,0.865,0.251,0.399,22,1,2010
Phoenix Suns,82,19730,0.492,12.5,0.739,0.312,0.135,0.106,0.185,0.261,0.52,0.637,0.462,0.44,0.409,0.412,0.509,0.064,380,0.801,0.258,0.443,13,1,2010
Portland Trail Blazers,82,19855,0.461,12.9,0.785,0.286,0.111,0.133,0.255,0.215,0.49,0.625,0.425,0.408,0.41,0.354,0.494,0.044,263,0.91,0.342,0.389,27,0,2010
Sacramento Kings,82,19880,0.456,11.6,0.799,0.327,0.159,0.094,0.22,0.201,0.483,0.61,0.385,0.427,0.388,0.349,0.471,0.037,231,0.882,0.251,0.418,17,0,2010
San Antonio Spurs,82,19780,0.473,12.2,0.768,0.312,0.146,0.108,0.203,0.232,0.508,0.649,0.431,0.388,0.408,0.358,0.514,0.032,198,0.892,0.37,0.385,11,0,2010
Toronto Raptors,82,19780,0.482,12.6,0.789,0.308,0.133,0.111,0.238,0.211,0.512,0.64,0.453,0.429,0.419,0.371,0.51,0.052,307,0.842,0.215,0.443,36,2,2010
Utah Jazz,82,19755,0.491,10.9,0.816,0.383,0.121,0.092,0.22,0.184,0.519,0.637,0.422,0.409,0.415,0.364,0.652,0.064,375,0.841,0.205,0.453,9,0,2010
Washington Wizards,82,19830,0.449,12.6,0.817,0.279,0.148,0.116,0.274,0.183,0.471,0.619,0.359,0.403,0.408,0.353,0.474,0.043,277,0.775,0.233,0.382,14,0,2010
All Teams,82,19820,0.461,12.2,0.778,0.32,0.129,0.11,0.218,0.222,0.492,0.613,0.421,0.4,0.402,0.355,0.505,0.048,293,0.847,0.258,0.392,15.9,0.6,2010
Atlanta Hawks,82,19730,0.462,13.5,0.778,0.233,0.175,0.097,0.274,0.222,0.494,0.649,0.434,0.39,0.436,0.352,0.55,0.045,263,0.882,0.349,0.38,13,1,2011
Boston Celtics,82,19780,0.486,12.1,0.82,0.313,0.14,0.113,0.254,0.18,0.513,0.674,0.376,0.445,0.42,0.365,0.597,0.043,256,0.882,0.26,0.467,8,0,2011
Charlotte Bobcats,82,19805,0.451,12,0.811,0.334,0.145,0.097,0.235,0.189,0.48,0.61,0.354,0.395,0.41,0.327,0.56,0.045,242,0.86,0.187,0.373,18,0,2011
Chicago Bulls,82,19830,0.462,12.5,0.785,0.304,0.151,0.102,0.229,0.215,0.489,0.638,0.389,0.404,0.397,0.361,0.548,0.052,314,0.863,0.275,0.373,17,0,2011
Cleveland Cavaliers,82,19755,0.434,12.3,0.776,0.296,0.179,0.097,0.203,0.224,0.461,0.61,0.355,0.333,0.398,0.342,0.542,0.051,312,0.847,0.234,0.37,7,0,2011
Dallas Mavericks,82,19705,0.475,13.6,0.726,0.24,0.162,0.125,0.199,0.274,0.516,0.684,0.407,0.423,0.461,0.365,0.565,0.053,321,0.905,0.293,0.392,18,1,2011
Denver Nuggets,82,19705,0.476,12.3,0.742,0.349,0.133,0.074,0.186,0.258,0.506,0.633,0.371,0.378,0.414,0.388,0.497,0.059,355,0.875,0.286,0.4,17,1,2011
Detroit Pistons,82,19880,0.46,12,0.811,0.307,0.15,0.132,0.222,0.189,0.479,0.634,0.376,0.376,0.396,0.376,0.507,0.043,246,0.892,0.365,0.397,18,1,2011
Golden State Warriors,82,19830,0.461,13,0.752,0.276,0.169,0.093,0.214,0.248,0.484,0.656,0.37,0.349,0.412,0.392,0.489,0.048,317,0.866,0.295,0.432,19,1,2011
Houston Rockets,82,19880,0.454,12.9,0.736,0.263,0.203,0.092,0.177,0.264,0.486,0.644,0.394,0.405,0.398,0.367,0.553,0.026,165,0.851,0.227,0.4,15,0,2011
Indiana Pacers,82,19780,0.442,13.2,0.756,0.245,0.182,0.116,0.213,0.244,0.471,0.627,0.402,0.397,0.391,0.354,0.45,0.047,288,0.892,0.203,0.394,11,0,2011
Los Angeles Clippers,82,19855,0.457,12.1,0.77,0.307,0.199,0.081,0.183,0.23,0.493,0.664,0.393,0.369,0.368,0.338,0.548,0.085,502,0.864,0.254,0.319,18,0,2011
Los Angeles Lakers,82,19830,0.463,12.7,0.78,0.256,0.206,0.118,0.199,0.22,0.494,0.666,0.428,0.441,0.373,0.352,0.527,0.046,287,0.819,0.286,0.411,22,1,2011
Memphis Grizzlies,82,19880,0.471,10.8,0.864,0.309,0.244,0.107,0.204,0.136,0.492,0.66,0.407,0.398,0.388,0.334,0.488,0.042,265,0.906,0.267,0.389,25,0,2011
Miami Heat,82,19780,0.481,13.7,0.765,0.242,0.155,0.102,0.267,0.235,0.515,0.695,0.458,0.403,0.428,0.37,0.479,0.053,308,0.819,0.327,0.435,11,1,2011
Milwaukee Bucks,82,19830,0.43,12.8,0.784,0.268,0.165,0.123,0.227,0.216,0.454,0.585,0.372,0.381,0.4,0.342,0.48,0.026,160,0.882,0.299,0.395,11,0,2011
Minnesota Timberwolves,82,19780,0.441,12.7,0.777,0.241,0.233,0.099,0.204,0.223,0.459,0.611,0.387,0.391,0.395,0.376,0.476,0.034,207,0.779,0.204,0.458,27,1,2011
New Jersey Nets,82,20005,0.44,12.8,0.799,0.236,0.213,0.123,0.227,0.201,0.464,0.606,0.422,0.384,0.398,0.343,0.55,0.052,307,0.808,0.272,0.353,18,1,2011
New Orleans Hornets,82,19830,0.459,12.8,0.808,0.223,0.213,0.136,0.237,0.192,0.482,0.657,0.401,0.402,0.436,0.36,0.523,0.036,210,0.863,0.322,0.37,13,2,2011
New York Knicks,82,19780,0.457,13.5,0.697,0.265,0.166,0.086,0.179,0.303,0.496,0.665,0.377,0.382,0.411,0.368,0.475,0.054,349,0.821,0.27,0.424,12,0,2011
Oklahoma City Thunder,82,20005,0.464,12.5,0.788,0.284,0.159,0.126,0.218,0.212,0.495,0.686,0.354,0.404,0.403,0.347,0.488,0.072,443,0.848,0.187,0.354,11,0,2011
Orlando Magic,82,19830,0.461,14.1,0.672,0.253,0.158,0.096,0.164,0.328,0.507,0.671,0.405,0.411,0.411,0.366,0.454,0.065,388,0.835,0.243,0.367,18,1,2011
Philadelphia 76ers,82,19930,0.461,12.4,0.816,0.258,0.175,0.17,0.213,0.184,0.485,0.672,0.379,0.412,0.405,0.355,0.557,0.051,323,0.831,0.244,0.403,15,0,2011
Phoenix Suns,82,20005,0.47,13.4,0.729,0.253,0.167,0.116,0.193,0.271,0.505,0.701,0.385,0.429,0.396,0.377,0.531,0.049,299,0.869,0.263,0.41,15,0,2011
Portland Trail Blazers,82,19805,0.447,12.6,0.772,0.283,0.168,0.115,0.206,0.228,0.477,0.645,0.387,0.378,0.376,0.345,0.515,0.046,270,0.934,0.317,0.391,23,0,2011
Sacramento Kings,82,19855,0.449,12,0.817,0.265,0.219,0.112,0.221,0.183,0.475,0.68,0.36,0.401,0.38,0.335,0.48,0.047,299,0.879,0.286,0.403,24,1,2011
San Antonio Spurs,82,19780,0.475,12.7,0.739,0.264,0.201,0.106,0.167,0.261,0.503,0.662,0.43,0.407,0.4,0.397,0.507,0.029,166,0.858,0.367,0.421,7,0,2011
Toronto Raptors,82,19780,0.465,11.8,0.838,0.325,0.157,0.112,0.245,0.162,0.494,0.627,0.414,0.439,0.394,0.316,0.534,0.053,325,0.872,0.234,0.337,12,0,2011
Utah Jazz,82,19880,0.465,12.1,0.809,0.296,0.181,0.111,0.221,0.191,0.493,0.652,0.398,0.396,0.406,0.346,0.588,0.055,330,0.862,0.184,0.368,16,1,2011
Washington Wizards,82,19930,0.443,12.2,0.828,0.281,0.171,0.129,0.247,0.172,0.465,0.648,0.353,0.382,0.38,0.332,0.468,0.06,389,0.89,0.292,0.348,11,0,2011
All Teams,82,19836,0.459,12.6,0.778,0.276,0.178,0.11,0.214,0.222,0.487,0.65,0.392,0.398,0.403,0.358,0.518,0.049,297,0.86,0.27,0.394,15.7,0.5,2011
Atlanta Hawks,66,16165,0.454,13.2,0.751,0.277,0.153,0.074,0.247,0.249,0.482,0.63,0.43,0.397,0.373,0.37,0.532,0.048,233,0.915,0.34,0.398,8,1,2012
Boston Celtics,66,15940,0.46,12.9,0.806,0.28,0.116,0.145,0.266,0.194,0.483,0.637,0.333,0.418,0.42,0.367,0.62,0.049,223,0.909,0.309,0.439,4,0,2012
Charlotte Bobcats,66,15890,0.414,12.8,0.831,0.29,0.125,0.108,0.309,0.169,0.439,0.592,0.322,0.377,0.363,0.295,0.584,0.049,229,0.757,0.158,0.34,12,0,2012
Chicago Bulls,66,15940,0.452,12.6,0.795,0.297,0.142,0.116,0.241,0.205,0.471,0.605,0.415,0.405,0.372,0.375,0.581,0.046,231,0.807,0.261,0.375,13,0,2012
Cleveland Cavaliers,66,15965,0.422,11.7,0.763,0.326,0.188,0.081,0.167,0.238,0.446,0.599,0.322,0.326,0.343,0.346,0.516,0.044,211,0.836,0.236,0.359,6,0,2012
Dallas Mavericks,66,16065,0.443,13.4,0.729,0.24,0.167,0.148,0.175,0.271,0.482,0.658,0.355,0.409,0.422,0.339,0.509,0.051,248,0.829,0.228,0.35,10,0,2012
Denver Nuggets,66,16040,0.476,11,0.757,0.404,0.151,0.077,0.125,0.243,0.522,0.645,0.372,0.392,0.386,0.332,0.553,0.078,386,0.92,0.313,0.361,22,1,2012
Detroit Pistons,66,15965,0.438,11.4,0.825,0.329,0.172,0.107,0.216,0.175,0.457,0.589,0.36,0.375,0.376,0.346,0.488,0.035,145,0.849,0.239,0.356,14,0,2012
Golden State Warriors,66,15915,0.457,13.4,0.752,0.259,0.166,0.091,0.236,0.248,0.48,0.647,0.343,0.428,0.413,0.388,0.516,0.049,241,0.87,0.274,0.457,13,1,2012
Houston Rockets,66,16065,0.449,12.7,0.76,0.25,0.202,0.12,0.189,0.24,0.477,0.655,0.374,0.398,0.403,0.359,0.504,0.036,173,0.816,0.287,0.435,9,0,2012
Indiana Pacers,66,15990,0.438,11.9,0.802,0.269,0.219,0.127,0.187,0.198,0.455,0.584,0.404,0.382,0.379,0.368,0.455,0.038,178,0.855,0.277,0.363,12,1,2012
Los Angeles Clippers,66,15965,0.455,13.7,0.731,0.256,0.159,0.083,0.234,0.269,0.49,0.663,0.408,0.403,0.389,0.357,0.5,0.088,407,0.823,0.288,0.357,10,0,2012
Los Angeles Lakers,66,16065,0.457,12.5,0.791,0.258,0.212,0.117,0.205,0.209,0.491,0.671,0.4,0.397,0.414,0.326,0.575,0.062,307,0.82,0.283,0.346,9,1,2012
Memphis Grizzlies,66,15940,0.447,11.7,0.843,0.298,0.192,0.134,0.219,0.157,0.47,0.628,0.386,0.384,0.381,0.326,0.491,0.049,231,0.852,0.226,0.37,20,1,2012
Miami Heat,66,16040,0.469,12.1,0.802,0.309,0.157,0.119,0.218,0.198,0.496,0.65,0.397,0.442,0.381,0.359,0.485,0.066,310,0.841,0.33,0.365,5,1,2012
Milwaukee Bucks,66,15865,0.443,12.4,0.776,0.308,0.146,0.12,0.202,0.224,0.471,0.61,0.354,0.393,0.39,0.345,0.578,0.03,154,0.817,0.242,0.366,8,0,2012
Minnesota Timberwolves,66,15940,0.433,12.7,0.738,0.31,0.157,0.086,0.186,0.262,0.469,0.62,0.342,0.335,0.388,0.332,0.474,0.041,206,0.841,0.256,0.36,9,0,2012
New Jersey Nets,66,15890,0.425,13.8,0.722,0.255,0.134,0.126,0.207,0.278,0.457,0.57,0.414,0.396,0.384,0.342,0.519,0.042,194,0.789,0.267,0.347,8,1,2012
New Orleans Hornets,66,15940,0.451,11.8,0.848,0.267,0.207,0.149,0.225,0.152,0.472,0.625,0.39,0.408,0.407,0.333,0.564,0.039,190,0.834,0.266,0.372,4,0,2012
New York Knicks,66,15940,0.443,13,0.712,0.316,0.13,0.085,0.181,0.288,0.487,0.648,0.317,0.371,0.381,0.336,0.477,0.075,364,0.865,0.245,0.35,12,0,2012
Oklahoma City Thunder,66,15990,0.471,12.6,0.748,0.294,0.148,0.13,0.175,0.252,0.509,0.671,0.378,0.389,0.436,0.358,0.419,0.078,377,0.828,0.183,0.411,9,0,2012
Orlando Magic,66,15965,0.441,13.9,0.654,0.286,0.153,0.063,0.152,0.346,0.475,0.636,0.371,0.33,0.338,0.375,0.474,0.05,232,0.836,0.216,0.42,8,0,2012
Philadelphia 76ers,66,15915,0.448,12.5,0.825,0.232,0.182,0.187,0.225,0.175,0.466,0.642,0.395,0.405,0.393,0.362,0.553,0.043,219,0.799,0.208,0.325,5,0,2012
Phoenix Suns,66,15840,0.458,13.3,0.762,0.253,0.165,0.118,0.226,0.238,0.494,0.678,0.388,0.384,0.424,0.343,0.549,0.037,191,0.811,0.238,0.354,11,0,2012
Portland Trail Blazers,66,15965,0.443,13,0.745,0.294,0.139,0.097,0.216,0.255,0.477,0.606,0.391,0.37,0.404,0.346,0.483,0.035,175,0.879,0.306,0.397,15,0,2012
Sacramento Kings,66,15915,0.436,11.8,0.772,0.306,0.219,0.076,0.172,0.228,0.471,0.64,0.362,0.353,0.362,0.316,0.456,0.043,219,0.783,0.268,0.341,12,1,2012
San Antonio Spurs,66,15940,0.478,12.4,0.743,0.278,0.203,0.099,0.164,0.257,0.507,0.677,0.395,0.429,0.407,0.393,0.508,0.027,129,0.873,0.315,0.415,6,0,2012
Toronto Raptors,66,15965,0.44,13.1,0.791,0.271,0.151,0.106,0.263,0.209,0.467,0.633,0.402,0.383,0.366,0.34,0.562,0.048,218,0.858,0.241,0.34,12,0,2012
Utah Jazz,66,16165,0.456,11.2,0.847,0.287,0.238,0.118,0.204,0.153,0.48,0.672,0.42,0.333,0.365,0.323,0.529,0.064,319,0.908,0.198,0.329,12,0,2012
Washington Wizards,66,15865,0.441,12.2,0.804,0.299,0.167,0.109,0.227,0.196,0.47,0.661,0.339,0.347,0.376,0.32,0.467,0.072,384,0.858,0.294,0.389,6,1,2012
All Teams,66,15966,0.448,12.5,0.774,0.287,0.169,0.11,0.208,0.226,0.477,0.634,0.378,0.388,0.388,0.349,0.518,0.05,244,0.843,0.261,0.376,10.1,0.3,2012
Atlanta Hawks,82,19855,0.464,13.4,0.714,0.281,0.152,0.073,0.208,0.286,0.501,0.678,0.382,0.387,0.389,0.371,0.585,0.052,323,0.874,0.264,0.426,12,0,2013
Boston Celtics,81,19840,0.465,12.9,0.785,0.287,0.13,0.128,0.239,0.215,0.494,0.623,0.357,0.446,0.439,0.358,0.555,0.043,258,0.914,0.339,0.399,22,0,2013
Brooklyn Nets,82,19855,0.45,12.6,0.731,0.272,0.203,0.102,0.154,0.269,0.484,0.623,0.405,0.397,0.4,0.357,0.484,0.041,249,0.871,0.349,0.395,12,0,2013
Charlotte Bobcats,82,19805,0.425,12.2,0.79,0.319,0.147,0.111,0.212,0.21,0.448,0.577,0.323,0.373,0.38,0.335,0.507,0.051,298,0.838,0.208,0.402,15,0,2013
Chicago Bulls,82,19830,0.437,12.2,0.811,0.306,0.139,0.14,0.226,0.189,0.456,0.615,0.333,0.376,0.367,0.353,0.61,0.039,240,0.839,0.229,0.359,11,0,2013
Cleveland Cavaliers,82,19730,0.434,12.4,0.771,0.294,0.174,0.116,0.188,0.229,0.46,0.584,0.352,0.385,0.411,0.346,0.509,0.057,338,0.821,0.211,0.338,12,1,2013
Dallas Mavericks,82,19980,0.462,13,0.764,0.242,0.179,0.16,0.182,0.236,0.489,0.627,0.432,0.412,0.431,0.372,0.538,0.031,196,0.86,0.232,0.363,18,0,2013
Denver Nuggets,82,19905,0.478,10.4,0.783,0.415,0.172,0.08,0.115,0.217,0.516,0.655,0.368,0.347,0.352,0.343,0.551,0.1,642,0.862,0.345,0.351,21,0,2013
Detroit Pistons,82,19805,0.449,11.1,0.783,0.37,0.172,0.072,0.169,0.217,0.474,0.609,0.347,0.34,0.366,0.356,0.514,0.054,320,0.926,0.267,0.356,16,0,2013
Golden State Warriors,82,19805,0.458,13.5,0.761,0.242,0.173,0.118,0.229,0.239,0.475,0.65,0.361,0.391,0.418,0.403,0.542,0.045,284,0.769,0.226,0.461,21,1,2013
Houston Rockets,82,19780,0.461,12.8,0.651,0.341,0.156,0.048,0.106,0.349,0.511,0.653,0.35,0.338,0.372,0.366,0.52,0.066,415,0.841,0.29,0.392,11,2,2013
Indiana Pacers,81,19590,0.436,12.7,0.755,0.271,0.19,0.116,0.178,0.245,0.465,0.612,0.399,0.375,0.371,0.347,0.513,0.048,283,0.847,0.251,0.364,23,0,2013
Los Angeles Clippers,82,19730,0.478,13,0.735,0.281,0.17,0.089,0.195,0.265,0.522,0.677,0.46,0.432,0.392,0.358,0.556,0.092,557,0.877,0.334,0.381,9,0,2013
Los Angeles Lakers,82,19755,0.458,13.3,0.697,0.281,0.17,0.089,0.158,0.303,0.503,0.649,0.396,0.424,0.402,0.355,0.518,0.057,356,0.859,0.257,0.375,19,0,2013
Memphis Grizzlies,82,19805,0.444,11.5,0.834,0.304,0.196,0.125,0.21,0.166,0.463,0.583,0.383,0.405,0.4,0.345,0.533,0.044,255,0.885,0.287,0.396,12,0,2013
Miami Heat,82,19880,0.496,13.2,0.715,0.297,0.127,0.099,0.192,0.285,0.536,0.704,0.401,0.387,0.441,0.396,0.522,0.066,392,0.866,0.384,0.433,6,0,2013
Milwaukee Bucks,82,19830,0.435,12.2,0.768,0.32,0.143,0.122,0.183,0.232,0.457,0.589,0.331,0.391,0.369,0.36,0.548,0.04,269,0.817,0.234,0.384,9,0,2013
Minnesota Timberwolves,82,19730,0.439,12.3,0.78,0.331,0.139,0.083,0.227,0.22,0.477,0.613,0.328,0.415,0.393,0.305,0.592,0.051,313,0.798,0.226,0.345,10,0,2013
New Orleans Hornets,82,19780,0.448,12.1,0.776,0.298,0.208,0.095,0.175,0.224,0.473,0.614,0.379,0.371,0.402,0.363,0.521,0.056,329,0.858,0.176,0.382,16,0,2013
New York Knicks,82,19730,0.448,14.6,0.646,0.28,0.096,0.083,0.188,0.354,0.487,0.613,0.372,0.38,0.407,0.376,0.398,0.049,302,0.833,0.236,0.377,30,2,2013
Oklahoma City Thunder,82,19830,0.481,12.6,0.756,0.294,0.146,0.13,0.186,0.244,0.514,0.677,0.389,0.437,0.409,0.377,0.492,0.071,418,0.851,0.252,0.44,13,1,2013
Orlando Magic,82,19780,0.448,12.6,0.777,0.289,0.166,0.116,0.206,0.223,0.482,0.622,0.425,0.394,0.382,0.329,0.563,0.04,246,0.82,0.228,0.371,6,0,2013
Philadelphia 76ers,82,19755,0.444,12.7,0.791,0.263,0.153,0.147,0.228,0.209,0.466,0.62,0.381,0.409,0.381,0.36,0.56,0.036,236,0.855,0.3,0.381,11,0,2013
Phoenix Suns,82,19805,0.443,12.7,0.79,0.281,0.158,0.113,0.237,0.21,0.473,0.646,0.345,0.38,0.396,0.33,0.564,0.036,226,0.831,0.276,0.366,12,0,2013
Portland Trail Blazers,82,19855,0.448,13.6,0.716,0.284,0.126,0.095,0.211,0.284,0.486,0.62,0.381,0.426,0.394,0.353,0.529,0.059,359,0.816,0.239,0.397,13,0,2013
Sacramento Kings,82,19830,0.447,12.2,0.757,0.291,0.211,0.082,0.172,0.243,0.474,0.63,0.392,0.385,0.354,0.363,0.491,0.04,247,0.807,0.265,0.384,15,1,2013
San Antonio Spurs,82,19880,0.481,12.5,0.736,0.298,0.178,0.096,0.163,0.264,0.519,0.663,0.411,0.433,0.423,0.376,0.572,0.034,207,0.905,0.35,0.412,12,0,2013
Toronto Raptors,82,19980,0.446,13.5,0.751,0.239,0.169,0.123,0.22,0.249,0.48,0.655,0.427,0.404,0.372,0.343,0.541,0.057,353,0.809,0.21,0.355,9,0,2013
Utah Jazz,82,19880,0.454,12.5,0.794,0.274,0.192,0.105,0.224,0.206,0.477,0.662,0.377,0.375,0.383,0.366,0.554,0.052,318,0.893,0.219,0.378,16,0,2013
Washington Wizards,82,19855,0.435,13.1,0.777,0.238,0.177,0.145,0.216,0.223,0.455,0.623,0.393,0.371,0.377,0.365,0.543,0.047,296,0.901,0.33,0.457,8,0,2013
All Teams,82,19817,0.453,12.6,0.757,0.293,0.164,0.107,0.193,0.243,0.483,0.631,0.381,0.395,0.393,0.359,0.535,0.052,318,0.851,0.268,0.39,14,0.3,2013
Atlanta Hawks,82,19830,0.458,13.4,0.684,0.263,0.174,0.102,0.145,0.316,0.502,0.643,0.409,0.419,0.413,0.363,0.598,0.026,154,0.87,0.268,0.386,13,1,2014
Boston Celtics,82,19730,0.435,13.3,0.749,0.273,0.148,0.109,0.219,0.251,0.47,0.607,0.348,0.424,0.403,0.333,0.51,0.039,239,0.852,0.242,0.39,15,0,2014
Brooklyn Nets,82,19880,0.459,13.6,0.699,0.256,0.171,0.112,0.16,0.301,0.497,0.642,0.413,0.427,0.405,0.369,0.491,0.052,309,0.88,0.243,0.391,20,0,2014
Charlotte Bobcats,82,19905,0.442,12.6,0.781,0.29,0.151,0.122,0.218,0.219,0.468,0.607,0.414,0.409,0.352,0.351,0.539,0.04,253,0.874,0.209,0.371,17,0,2014
Chicago Bulls,82,19930,0.432,12.7,0.778,0.297,0.148,0.112,0.222,0.222,0.456,0.597,0.334,0.373,0.392,0.348,0.611,0.035,210,0.854,0.22,0.383,20,3,2014
Cleveland Cavaliers,82,19930,0.437,12.8,0.764,0.269,0.17,0.128,0.197,0.236,0.461,0.583,0.388,0.394,0.402,0.356,0.513,0.045,278,0.82,0.252,0.373,19,0,2014
Dallas Mavericks,82,19830,0.474,13.2,0.726,0.262,0.156,0.135,0.173,0.274,0.508,0.655,0.418,0.426,0.428,0.384,0.52,0.047,308,0.861,0.199,0.412,15,0,2014
Denver Nuggets,82,19755,0.447,12.5,0.722,0.309,0.182,0.08,0.15,0.278,0.481,0.634,0.373,0.351,0.366,0.358,0.518,0.066,425,0.813,0.24,0.416,20,0,2014
Detroit Pistons,82,19780,0.447,11.1,0.778,0.356,0.197,0.068,0.157,0.222,0.483,0.64,0.344,0.369,0.348,0.321,0.493,0.052,342,0.779,0.251,0.396,24,0,2014
Golden State Warriors,82,19830,0.462,13.4,0.709,0.264,0.176,0.1,0.169,0.291,0.496,0.654,0.394,0.396,0.412,0.38,0.54,0.055,363,0.753,0.24,0.413,21,0,2014
Houston Rockets,82,19830,0.472,11.9,0.67,0.341,0.214,0.049,0.065,0.33,0.529,0.663,0.405,0.391,0.343,0.358,0.472,0.078,481,0.834,0.23,0.389,11,1,2014
Indiana Pacers,82,19780,0.449,13,0.765,0.249,0.188,0.124,0.205,0.235,0.477,0.611,0.418,0.382,0.425,0.357,0.498,0.03,180,0.831,0.246,0.406,14,0,2014
Los Angeles Clippers,82,19755,0.474,13.8,0.709,0.267,0.137,0.097,0.208,0.291,0.525,0.707,0.408,0.422,0.415,0.352,0.568,0.081,496,0.847,0.286,0.401,11,1,2014
Los Angeles Lakers,82,19705,0.45,13.5,0.709,0.247,0.177,0.116,0.169,0.291,0.478,0.64,0.407,0.392,0.375,0.381,0.569,0.045,283,0.854,0.239,0.405,6,0,2014
Memphis Grizzlies,82,19805,0.464,11.3,0.829,0.301,0.223,0.115,0.191,0.171,0.487,0.631,0.411,0.42,0.391,0.353,0.526,0.036,222,0.894,0.28,0.368,17,1,2014
Miami Heat,82,19880,0.501,12.8,0.708,0.33,0.127,0.084,0.168,0.292,0.558,0.697,0.467,0.433,0.413,0.364,0.509,0.064,383,0.88,0.372,0.429,5,1,2014
Milwaukee Bucks,82,19880,0.438,12.1,0.769,0.314,0.168,0.106,0.182,0.231,0.464,0.584,0.365,0.389,0.392,0.353,0.547,0.038,232,0.812,0.182,0.375,5,0,2014
Minnesota Timberwolves,82,19855,0.444,12.1,0.755,0.334,0.157,0.091,0.174,0.245,0.478,0.619,0.386,0.348,0.358,0.341,0.564,0.042,278,0.838,0.224,0.332,14,1,2014
New Orleans Pelicans,82,19855,0.459,11.5,0.807,0.332,0.183,0.107,0.184,0.193,0.479,0.598,0.37,0.419,0.409,0.373,0.506,0.05,305,0.866,0.231,0.382,20,0,2014
New York Knicks,82,19855,0.449,14.4,0.698,0.252,0.112,0.111,0.222,0.302,0.482,0.628,0.355,0.412,0.417,0.372,0.45,0.055,342,0.818,0.207,0.394,21,0,2014
Oklahoma City Thunder,82,19805,0.471,13,0.729,0.282,0.149,0.131,0.167,0.271,0.512,0.668,0.391,0.434,0.418,0.361,0.521,0.071,445,0.715,0.239,0.353,17,0,2014
Orlando Magic,82,19955,0.445,13.1,0.765,0.277,0.152,0.103,0.232,0.235,0.474,0.601,0.385,0.434,0.399,0.353,0.523,0.036,230,0.783,0.284,0.359,14,0,2014
Philadelphia 76ers,82,19855,0.435,11.4,0.742,0.353,0.19,0.087,0.111,0.258,0.477,0.601,0.356,0.374,0.373,0.312,0.507,0.043,282,0.879,0.193,0.331,13,3,2014
Phoenix Suns,82,19755,0.463,13.1,0.7,0.29,0.149,0.118,0.143,0.3,0.503,0.648,0.374,0.43,0.403,0.372,0.388,0.05,305,0.824,0.273,0.404,16,0,2014
Portland Trail Blazers,82,19855,0.45,13.9,0.71,0.258,0.133,0.11,0.208,0.29,0.481,0.628,0.368,0.387,0.422,0.372,0.523,0.041,269,0.816,0.252,0.39,10,0,2014
Sacramento Kings,82,19830,0.447,12.3,0.782,0.249,0.239,0.106,0.188,0.218,0.479,0.665,0.391,0.412,0.383,0.333,0.463,0.056,338,0.76,0.205,0.374,8,1,2014
San Antonio Spurs,82,19755,0.486,12.6,0.743,0.287,0.185,0.09,0.181,0.257,0.517,0.673,0.437,0.389,0.413,0.397,0.554,0.033,204,0.872,0.299,0.41,11,0,2014
Toronto Raptors,82,19955,0.445,13.6,0.715,0.226,0.206,0.103,0.181,0.285,0.475,0.642,0.417,0.402,0.372,0.372,0.501,0.043,260,0.835,0.259,0.388,12,2,2014
Utah Jazz,82,19780,0.444,12.7,0.763,0.281,0.177,0.106,0.199,0.237,0.474,0.653,0.367,0.374,0.372,0.344,0.486,0.052,314,0.91,0.244,0.393,21,0,2014
Washington Wizards,82,20055,0.459,13.2,0.754,0.273,0.143,0.116,0.221,0.246,0.485,0.676,0.374,0.366,0.384,0.38,0.525,0.046,305,0.895,0.306,0.401,14,1,2014
All Teams,82,19841,0.454,12.8,0.741,0.286,0.169,0.105,0.18,0.259,0.488,0.636,0.39,0.401,0.395,0.36,0.518,0.048,301,0.837,0.248,0.39,14.8,0.5,2014
Atlanta Hawks,82,19730,0.466,13.2,0.679,0.29,0.158,0.08,0.151,0.321,0.506,0.636,0.392,0.386,0.441,0.38,0.591,0.038,225,0.918,0.275,0.421,3,0,2015
Boston Celtics,82,19880,0.443,13.3,0.72,0.279,0.145,0.103,0.193,0.28,0.488,0.623,0.383,0.408,0.416,0.327,0.565,0.041,267,0.877,0.204,0.374,16,0,2015
Brooklyn Nets,82,19930,0.451,12.4,0.76,0.268,0.213,0.116,0.164,0.24,0.489,0.617,0.444,0.406,0.396,0.331,0.488,0.04,243,0.887,0.284,0.391,24,0,2015
Chicago Bulls,82,19880,0.442,12.6,0.731,0.308,0.156,0.099,0.163,0.269,0.474,0.589,0.394,0.373,0.401,0.353,0.525,0.038,237,0.842,0.216,0.386,18,2,2015
Charlotte Hornets,82,19905,0.42,13.2,0.774,0.263,0.153,0.124,0.234,0.226,0.45,0.571,0.381,0.388,0.391,0.318,0.521,0.032,202,0.791,0.177,0.39,16,0,2015
Cleveland Cavaliers,82,19780,0.458,13.2,0.666,0.295,0.156,0.092,0.124,0.334,0.504,0.649,0.358,0.387,0.432,0.367,0.509,0.064,393,0.803,0.289,0.364,4,1,2015
Dallas Mavericks,82,19880,0.463,13.3,0.704,0.287,0.142,0.094,0.182,0.296,0.509,0.661,0.379,0.42,0.417,0.352,0.482,0.057,364,0.857,0.229,0.393,10,1,2015
Denver Nuggets,82,19880,0.433,12.7,0.716,0.297,0.177,0.09,0.151,0.284,0.476,0.624,0.349,0.397,0.38,0.325,0.506,0.057,358,0.839,0.236,0.344,22,1,2015
Detroit Pistons,82,19830,0.432,12.2,0.71,0.323,0.192,0.065,0.128,0.29,0.468,0.601,0.329,0.381,0.386,0.344,0.512,0.043,273,0.815,0.24,0.396,20,0,2015
Golden State Warriors,82,19730,0.478,13.5,0.689,0.286,0.145,0.104,0.154,0.311,0.514,0.675,0.371,0.443,0.397,0.398,0.602,0.062,396,0.821,0.221,0.46,24,0,2015
Houston Rockets,82,19805,0.444,13.2,0.608,0.309,0.184,0.047,0.068,0.392,0.506,0.636,0.391,0.351,0.328,0.348,0.496,0.057,361,0.833,0.327,0.393,17,0,2015
Indiana Pacers,82,19855,0.439,13.5,0.745,0.244,0.173,0.105,0.222,0.255,0.469,0.604,0.4,0.377,0.418,0.352,0.516,0.027,155,0.858,0.266,0.383,17,0,2015
Los Angeles Clippers,82,19730,0.473,14.5,0.678,0.241,0.119,0.096,0.217,0.322,0.519,0.682,0.406,0.436,0.434,0.376,0.563,0.063,386,0.82,0.264,0.394,11,0,2015
Los Angeles Lakers,82,19930,0.435,13,0.78,0.263,0.151,0.131,0.232,0.22,0.461,0.651,0.35,0.376,0.366,0.344,0.527,0.043,276,0.726,0.183,0.396,7,0,2015
Memphis Grizzlies,82,19905,0.458,11.5,0.816,0.305,0.202,0.13,0.179,0.184,0.485,0.625,0.404,0.419,0.386,0.339,0.528,0.029,173,0.865,0.262,0.383,22,2,2015
Miami Heat,82,19730,0.456,12.8,0.738,0.294,0.141,0.118,0.184,0.262,0.499,0.629,0.438,0.425,0.386,0.335,0.481,0.047,277,0.905,0.318,0.375,17,1,2015
Milwaukee Bucks,82,19930,0.459,11.9,0.777,0.337,0.137,0.111,0.193,0.223,0.486,0.609,0.352,0.437,0.394,0.363,0.57,0.052,320,0.89,0.316,0.403,4,0,2015
Minnesota Timberwolves,82,19805,0.438,12,0.821,0.284,0.176,0.122,0.234,0.179,0.461,0.624,0.36,0.408,0.367,0.332,0.557,0.054,332,0.825,0.217,0.368,12,0,2015
New Orleans Pelicans,82,19780,0.457,11.9,0.767,0.347,0.152,0.098,0.169,0.233,0.484,0.592,0.385,0.406,0.398,0.37,0.513,0.05,313,0.875,0.239,0.412,17,0,2015
New York Knicks,82,19855,0.428,13.7,0.76,0.239,0.146,0.125,0.246,0.24,0.454,0.588,0.363,0.397,0.41,0.347,0.55,0.035,213,0.836,0.187,0.351,16,1,2015
Oklahoma City Thunder,82,19830,0.447,12.4,0.738,0.302,0.158,0.113,0.165,0.262,0.486,0.616,0.384,0.437,0.377,0.339,0.461,0.051,328,0.797,0.247,0.373,12,0,2015
Orlando Magic,82,19755,0.453,12,0.765,0.315,0.184,0.094,0.172,0.235,0.486,0.613,0.385,0.384,0.416,0.347,0.48,0.052,315,0.868,0.26,0.373,11,0,2015
Philadelphia 76ers,82,19805,0.408,12.4,0.681,0.318,0.172,0.068,0.114,0.319,0.449,0.592,0.318,0.325,0.317,0.32,0.52,0.051,318,0.873,0.178,0.341,16,0,2015
Phoenix Suns,82,19880,0.452,13.1,0.709,0.293,0.139,0.125,0.153,0.291,0.497,0.644,0.373,0.429,0.382,0.341,0.443,0.045,291,0.801,0.289,0.362,19,1,2015
Portland Trail Blazers,82,19855,0.45,14.2,0.684,0.247,0.134,0.112,0.19,0.316,0.491,0.652,0.411,0.402,0.392,0.362,0.495,0.034,227,0.776,0.249,0.391,14,0,2015
Sacramento Kings,82,19855,0.455,11.5,0.796,0.299,0.222,0.094,0.181,0.204,0.484,0.655,0.355,0.417,0.395,0.341,0.503,0.066,391,0.837,0.299,0.367,12,0,2015
San Antonio Spurs,82,19955,0.468,12.5,0.731,0.276,0.203,0.103,0.148,0.269,0.505,0.636,0.461,0.403,0.394,0.367,0.544,0.028,172,0.919,0.287,0.425,10,0,2015
Toronto Raptors,82,19855,0.455,13.2,0.698,0.253,0.195,0.104,0.146,0.302,0.499,0.646,0.446,0.393,0.393,0.352,0.476,0.042,259,0.781,0.261,0.413,10,0,2015
Utah Jazz,82,19705,0.447,12.6,0.726,0.296,0.173,0.096,0.161,0.274,0.486,0.673,0.332,0.395,0.363,0.343,0.473,0.066,401,0.9,0.275,0.376,18,1,2015
Washington Wizards,82,19955,0.462,12.6,0.797,0.286,0.142,0.138,0.23,0.203,0.488,0.658,0.385,0.409,0.389,0.36,0.578,0.05,327,0.889,0.279,0.371,12,0,2015
All Teams,82,19839,0.449,12.8,0.732,0.288,0.165,0.103,0.175,0.268,0.485,0.628,0.383,0.403,0.394,0.35,0.52,0.047,293,0.843,0.253,0.387,14.4,0.4,2015
Atlanta Hawks,82,19830,0.458,12.7,0.664,0.326,0.121,0.078,0.138,0.336,0.512,0.623,0.377,0.431,0.415,0.35,0.582,0.037,222,0.896,0.244,0.36,12,1,2016
Boston Celtics,82,19780,0.439,12.4,0.707,0.318,0.141,0.094,0.154,0.293,0.483,0.624,0.355,0.378,0.373,0.335,0.546,0.025,169,0.856,0.232,0.345,12,0,2016
Brooklyn Nets,82,19755,0.453,11.6,0.782,0.284,0.211,0.106,0.181,0.218,0.481,0.608,0.426,0.404,0.392,0.352,0.53,0.032,202,0.844,0.309,0.391,13,0,2016
Chicago Bulls,82,19905,0.441,12.2,0.756,0.291,0.162,0.117,0.185,0.244,0.464,0.573,0.391,0.4,0.398,0.371,0.515,0.039,255,0.883,0.224,0.397,16,1,2016
Charlotte Hornets,82,19855,0.439,13.7,0.652,0.274,0.129,0.093,0.156,0.348,0.479,0.599,0.394,0.383,0.397,0.362,0.482,0.029,177,0.84,0.171,0.409,9,1,2016
Cleveland Cavaliers,82,19855,0.46,13.3,0.648,0.28,0.149,0.095,0.125,0.352,0.514,0.658,0.391,0.378,0.438,0.362,0.481,0.057,358,0.861,0.26,0.391,5,1,2016
Dallas Mavericks,82,20005,0.444,13.7,0.661,0.243,0.149,0.111,0.159,0.339,0.495,0.656,0.369,0.431,0.412,0.344,0.5,0.033,214,0.847,0.213,0.39,17,0,2016
Denver Nuggets,82,19830,0.442,11.8,0.723,0.342,0.158,0.08,0.142,0.277,0.482,0.586,0.389,0.373,0.397,0.338,0.543,0.055,356,0.811,0.21,0.34,18,2,2016
Detroit Pistons,82,19880,0.439,12.3,0.697,0.294,0.184,0.104,0.116,0.303,0.48,0.61,0.369,0.41,0.388,0.345,0.422,0.037,232,0.803,0.254,0.374,30,1,2016
Golden State Warriors,82,19880,0.487,13.5,0.638,0.301,0.125,0.093,0.119,0.362,0.528,0.66,0.362,0.422,0.452,0.416,0.626,0.062,402,0.792,0.229,0.413,22,2,2016
Houston Rockets,82,19830,0.452,12.5,0.63,0.321,0.164,0.064,0.082,0.37,0.514,0.651,0.356,0.4,0.379,0.347,0.508,0.07,442,0.793,0.307,0.36,21,0,2016
Indiana Pacers,82,19880,0.45,13.1,0.73,0.27,0.133,0.108,0.219,0.27,0.486,0.635,0.435,0.39,0.381,0.351,0.487,0.038,245,0.804,0.273,0.398,13,0,2016
Los Angeles Clippers,82,19830,0.465,14.2,0.676,0.239,0.129,0.093,0.215,0.324,0.513,0.675,0.438,0.425,0.417,0.364,0.526,0.057,346,0.799,0.226,0.405,14,0,2016
Los Angeles Lakers,82,19730,0.414,13,0.71,0.255,0.163,0.125,0.168,0.29,0.454,0.59,0.403,0.369,0.358,0.317,0.45,0.049,307,0.734,0.192,0.33,20,0,2016
Memphis Grizzlies,82,19830,0.44,11.4,0.778,0.313,0.19,0.103,0.172,0.222,0.471,0.583,0.389,0.416,0.392,0.331,0.502,0.037,218,0.859,0.267,0.323,21,2,2016
Miami Heat,82,19830,0.47,11.6,0.779,0.303,0.166,0.128,0.182,0.221,0.508,0.663,0.422,0.407,0.401,0.336,0.47,0.054,341,0.928,0.372,0.358,15,1,2016
Milwaukee Bucks,82,19830,0.467,10.1,0.811,0.365,0.19,0.106,0.149,0.189,0.495,0.617,0.402,0.397,0.387,0.345,0.555,0.071,446,0.895,0.281,0.354,14,0,2016
Minnesota Timberwolves,82,19880,0.464,11.9,0.798,0.298,0.16,0.101,0.239,0.202,0.496,0.661,0.41,0.372,0.4,0.338,0.578,0.061,376,0.855,0.208,0.386,8,0,2016
New Orleans Pelicans,82,19780,0.448,12.5,0.723,0.304,0.144,0.101,0.174,0.277,0.482,0.597,0.38,0.385,0.419,0.36,0.51,0.059,369,0.808,0.229,0.332,12,1,2016
New York Knicks,82,19805,0.439,13,0.744,0.245,0.154,0.143,0.201,0.256,0.471,0.585,0.425,0.407,0.412,0.346,0.477,0.031,200,0.869,0.231,0.405,13,0,2016
Oklahoma City Thunder,82,19830,0.476,11.9,0.725,0.33,0.126,0.122,0.146,0.275,0.524,0.626,0.438,0.478,0.41,0.349,0.508,0.07,447,0.758,0.291,0.357,6,0,2016
Orlando Magic,82,19905,0.455,12.5,0.745,0.296,0.15,0.093,0.206,0.255,0.492,0.609,0.422,0.409,0.409,0.35,0.528,0.045,284,0.873,0.241,0.37,21,0,2016
Philadelphia 76ers,82,19805,0.431,12.4,0.673,0.311,0.166,0.096,0.099,0.327,0.476,0.628,0.341,0.361,0.338,0.339,0.501,0.061,377,0.861,0.234,0.366,14,1,2016
Phoenix Suns,82,19705,0.435,12.6,0.698,0.3,0.151,0.092,0.155,0.302,0.472,0.614,0.349,0.396,0.362,0.348,0.47,0.056,351,0.831,0.226,0.368,12,0,2016
Portland Trail Blazers,82,19805,0.45,13.3,0.668,0.282,0.137,0.092,0.157,0.332,0.49,0.607,0.361,0.436,0.423,0.37,0.469,0.052,328,0.771,0.238,0.388,11,0,2016
Sacramento Kings,82,19805,0.464,11.6,0.74,0.297,0.223,0.066,0.155,0.26,0.5,0.65,0.404,0.411,0.389,0.359,0.55,0.059,374,0.856,0.23,0.418,15,0,2016
San Antonio Spurs,82,19705,0.484,12.2,0.777,0.264,0.175,0.137,0.201,0.223,0.515,0.667,0.452,0.44,0.421,0.375,0.549,0.033,206,0.905,0.283,0.373,11,0,2016
Toronto Raptors,82,19780,0.451,12.3,0.713,0.277,0.187,0.111,0.139,0.287,0.483,0.624,0.409,0.394,0.374,0.37,0.4,0.043,265,0.869,0.29,0.413,9,1,2016
Utah Jazz,82,19955,0.449,12.3,0.703,0.282,0.177,0.119,0.126,0.297,0.488,0.633,0.394,0.401,0.378,0.355,0.435,0.06,363,0.821,0.314,0.389,22,0,2016
Washington Wizards,82,19755,0.46,12.9,0.718,0.291,0.129,0.111,0.188,0.282,0.501,0.638,0.41,0.415,0.4,0.358,0.548,0.039,254,0.872,0.246,0.382,14,1,2016
All Teams,82,19826,0.452,12.5,0.715,0.293,0.158,0.103,0.162,0.285,0.491,0.624,0.396,0.405,0.398,0.354,0.51,0.048,304,0.836,0.248,0.377,14.7,0.5,2016
Atlanta Hawks,82,19880,0.451,13,0.691,0.331,0.117,0.092,0.151,0.309,0.501,0.616,0.349,0.394,0.429,0.341,0.542,0.054,341,0.879,0.234,0.388,12,0,2017
Boston Celtics,82,19755,0.454,14.2,0.607,0.296,0.129,0.071,0.111,0.393,0.515,0.633,0.395,0.417,0.405,0.359,0.57,0.033,211,0.836,0.22,0.41,20,0,2017
Brooklyn Nets,82,19755,0.444,13.2,0.629,0.309,0.173,0.077,0.07,0.371,0.506,0.613,0.418,0.391,0.374,0.338,0.454,0.035,225,0.851,0.215,0.373,21,0,2017
Chicago Bulls,82,19780,0.444,12.8,0.744,0.28,0.167,0.117,0.179,0.256,0.479,0.6,0.449,0.393,0.377,0.34,0.513,0.038,248,0.875,0.289,0.415,9,0,2017
Charlotte Hornets,82,19830,0.442,13.9,0.665,0.282,0.133,0.099,0.152,0.335,0.488,0.61,0.4,0.419,0.38,0.351,0.545,0.034,218,0.795,0.133,0.377,15,1,2017
Cleveland Cavaliers,82,19880,0.47,14.4,0.601,0.284,0.11,0.092,0.115,0.399,0.528,0.666,0.362,0.428,0.425,0.384,0.441,0.059,381,0.829,0.293,0.412,7,0,2017
Dallas Mavericks,82,19780,0.44,15.4,0.634,0.201,0.127,0.116,0.189,0.366,0.489,0.637,0.444,0.441,0.391,0.355,0.474,0.04,237,0.813,0.196,0.371,17,0,2017
Denver Nuggets,82,19755,0.469,12.8,0.671,0.33,0.156,0.078,0.108,0.329,0.519,0.627,0.441,0.386,0.397,0.368,0.526,0.053,347,0.87,0.192,0.387,19,0,2017
Detroit Pistons,82,19805,0.449,13.1,0.737,0.25,0.189,0.141,0.157,0.263,0.492,0.646,0.384,0.445,0.416,0.33,0.455,0.043,283,0.845,0.203,0.384,30,1,2017
Golden State Warriors,82,19780,0.495,14.1,0.641,0.303,0.102,0.107,0.129,0.359,0.557,0.69,0.408,0.43,0.469,0.383,0.656,0.075,500,0.832,0.208,0.409,30,1,2017
Houston Rockets,82,19780,0.462,14.4,0.538,0.321,0.125,0.041,0.05,0.462,0.552,0.667,0.391,0.375,0.374,0.357,0.546,0.076,483,0.771,0.201,0.39,14,0,2017
Indiana Pacers,82,19855,0.465,13.5,0.728,0.241,0.186,0.107,0.194,0.272,0.498,0.625,0.464,0.417,0.418,0.376,0.498,0.035,223,0.838,0.258,0.403,18,0,2017
Los Angeles Clippers,82,19755,0.475,14.3,0.671,0.275,0.118,0.081,0.197,0.329,0.525,0.661,0.419,0.423,0.439,0.375,0.494,0.067,414,0.786,0.198,0.423,17,2,2017
Los Angeles Lakers,82,19705,0.45,12.6,0.705,0.299,0.187,0.103,0.118,0.295,0.493,0.633,0.397,0.379,0.39,0.346,0.462,0.056,358,0.771,0.217,0.368,16,1,2017
Memphis Grizzlies,82,19905,0.435,13.5,0.684,0.288,0.158,0.092,0.144,0.316,0.473,0.58,0.416,0.385,0.38,0.354,0.504,0.033,203,0.811,0.192,0.409,31,0,2017
Miami Heat,82,19780,0.455,13,0.686,0.29,0.169,0.094,0.131,0.314,0.496,0.63,0.412,0.387,0.389,0.365,0.427,0.054,350,0.89,0.301,0.4,14,0,2017
Milwaukee Bucks,82,19780,0.474,11.8,0.71,0.351,0.174,0.077,0.108,0.29,0.516,0.644,0.402,0.377,0.387,0.37,0.534,0.073,448,0.928,0.276,0.387,12,0,2017
Minnesota Timberwolves,82,19805,0.467,12.4,0.751,0.304,0.164,0.097,0.186,0.249,0.507,0.645,0.437,0.392,0.402,0.349,0.535,0.059,382,0.884,0.267,0.393,11,0,2017
New Orleans Pelicans,82,19905,0.45,13.3,0.692,0.279,0.17,0.094,0.149,0.308,0.495,0.627,0.417,0.427,0.38,0.35,0.503,0.048,313,0.833,0.219,0.373,11,0,2017
New York Knicks,82,19855,0.447,13.2,0.721,0.291,0.126,0.132,0.172,0.279,0.485,0.591,0.381,0.44,0.419,0.348,0.469,0.04,267,0.845,0.229,0.425,23,0,2017
Oklahoma City Thunder,82,19805,0.452,12.1,0.705,0.346,0.146,0.104,0.109,0.295,0.504,0.614,0.418,0.391,0.379,0.327,0.466,0.063,401,0.773,0.252,0.345,19,2,2017
Orlando Magic,82,19805,0.44,13.5,0.7,0.266,0.168,0.109,0.157,0.3,0.488,0.616,0.427,0.413,0.39,0.328,0.495,0.042,272,0.874,0.182,0.297,25,0,2017
Philadelphia 76ers,82,19830,0.442,13.2,0.651,0.309,0.149,0.092,0.1,0.349,0.496,0.638,0.376,0.384,0.344,0.34,0.541,0.047,301,0.875,0.154,0.406,8,0,2017
Phoenix Suns,82,19830,0.45,12.5,0.745,0.306,0.154,0.12,0.165,0.255,0.491,0.629,0.412,0.402,0.374,0.332,0.421,0.057,358,0.789,0.269,0.329,20,0,2017
Portland Trail Blazers,82,19930,0.459,13.4,0.678,0.299,0.141,0.091,0.148,0.322,0.499,0.596,0.418,0.441,0.417,0.375,0.444,0.048,306,0.789,0.199,0.375,18,0,2017
Sacramento Kings,82,19880,0.461,13.1,0.709,0.258,0.195,0.1,0.155,0.291,0.496,0.642,0.421,0.412,0.402,0.376,0.506,0.051,309,0.875,0.237,0.416,18,0,2017
San Antonio Spurs,82,19805,0.469,13.5,0.719,0.255,0.159,0.116,0.191,0.281,0.5,0.644,0.429,0.391,0.431,0.391,0.525,0.047,292,0.874,0.268,0.433,12,0,2017
Toronto Raptors,82,19780,0.464,13.2,0.711,0.254,0.185,0.12,0.153,0.289,0.505,0.631,0.45,0.449,0.407,0.363,0.372,0.04,256,0.817,0.273,0.381,12,1,2017
Utah Jazz,82,19755,0.466,13.1,0.673,0.297,0.152,0.105,0.118,0.327,0.511,0.651,0.413,0.427,0.363,0.372,0.454,0.069,416,0.799,0.28,0.385,14,1,2017
Washington Wizards,82,19855,0.475,13.1,0.716,0.3,0.137,0.108,0.169,0.284,0.515,0.629,0.429,0.426,0.442,0.372,0.496,0.047,302,0.858,0.254,0.351,10,0,2017
All Teams,82,19815,0.457,13.3,0.684,0.29,0.152,0.099,0.142,0.316,0.503,0.631,0.414,0.412,0.403,0.358,0.495,0.051,322,0.835,0.228,0.388,16.8,0.3,2017
Atlanta Hawks,82,19705,0.446,13.6,0.637,0.279,0.131,0.105,0.122,0.363,0.495,0.635,0.351,0.399,0.411,0.36,0.52,0.052,309,0.869,0.243,0.426,22,0,2018
Boston Celtics,82,19805,0.45,13.7,0.643,0.259,0.158,0.106,0.12,0.357,0.491,0.628,0.364,0.419,0.426,0.377,0.49,0.047,274,0.813,0.213,0.408,18,0,2018
Brooklyn Nets,82,19855,0.441,13.7,0.589,0.269,0.175,0.083,0.062,0.411,0.5,0.643,0.379,0.4,0.354,0.356,0.507,0.043,269,0.844,0.201,0.376,13,1,2018
Chicago Bulls,82,19855,0.435,13.6,0.65,0.254,0.165,0.095,0.135,0.35,0.478,0.624,0.39,0.388,0.377,0.355,0.51,0.039,261,0.848,0.184,0.372,15,0,2018
Charlotte Hornets,82,19780,0.45,13.2,0.686,0.273,0.16,0.114,0.138,0.314,0.487,0.642,0.38,0.408,0.37,0.369,0.484,0.046,300,0.756,0.154,0.369,22,1,2018
Cleveland Cavaliers,82,19730,0.476,13.8,0.621,0.297,0.113,0.092,0.119,0.379,0.54,0.706,0.368,0.413,0.387,0.372,0.478,0.051,319,0.819,0.252,0.417,13,0,2018
Dallas Mavericks,82,19805,0.444,14.4,0.618,0.241,0.135,0.105,0.137,0.382,0.496,0.652,0.4,0.385,0.405,0.36,0.491,0.048,295,0.824,0.169,0.416,20,0,2018
Denver Nuggets,82,19880,0.47,12.8,0.643,0.275,0.204,0.09,0.074,0.357,0.525,0.664,0.424,0.441,0.391,0.371,0.526,0.055,356,0.848,0.167,0.417,26,0,2018
Detroit Pistons,82,19805,0.45,13.1,0.667,0.26,0.185,0.107,0.116,0.333,0.488,0.657,0.346,0.433,0.388,0.373,0.465,0.044,271,0.889,0.227,0.392,19,1,2018
Golden State Warriors,82,19730,0.503,14,0.661,0.267,0.111,0.139,0.144,0.339,0.56,0.708,0.424,0.485,0.463,0.391,0.643,0.071,454,0.801,0.158,0.405,26,0,2018
Houston Rockets,82,19755,0.46,15,0.498,0.288,0.103,0.062,0.044,0.502,0.558,0.669,0.369,0.454,0.43,0.362,0.47,0.062,392,0.689,0.227,0.401,17,1,2018
Indiana Pacers,82,19755,0.472,13,0.716,0.293,0.136,0.096,0.191,0.284,0.513,0.638,0.42,0.449,0.422,0.369,0.465,0.041,250,0.819,0.22,0.425,21,0,2018
Los Angeles Clippers,82,19705,0.471,11.8,0.686,0.347,0.164,0.083,0.091,0.314,0.525,0.659,0.378,0.424,0.378,0.354,0.502,0.082,512,0.726,0.219,0.338,15,1,2018
Los Angeles Lakers,82,19905,0.461,12.4,0.671,0.321,0.168,0.086,0.096,0.329,0.517,0.67,0.39,0.354,0.378,0.345,0.492,0.059,385,0.865,0.159,0.372,17,0,2018
Memphis Grizzlies,82,19705,0.444,12.8,0.683,0.312,0.139,0.1,0.132,0.317,0.486,0.62,0.352,0.372,0.398,0.352,0.51,0.049,296,0.815,0.189,0.35,26,0,2018
Miami Heat,82,19930,0.455,13.2,0.642,0.279,0.163,0.095,0.104,0.358,0.508,0.658,0.416,0.383,0.367,0.36,0.457,0.053,336,0.908,0.256,0.388,18,0,2018
Milwaukee Bucks,82,19830,0.478,12.4,0.703,0.31,0.152,0.114,0.127,0.297,0.531,0.685,0.373,0.463,0.406,0.355,0.501,0.068,419,0.883,0.263,0.405,12,0,2018
Minnesota Timberwolves,82,19805,0.476,12.3,0.739,0.264,0.196,0.129,0.15,0.261,0.519,0.69,0.433,0.432,0.403,0.357,0.487,0.053,343,0.825,0.226,0.403,12,0,2018
New Orleans Pelicans,82,19955,0.483,12.5,0.681,0.295,0.179,0.099,0.109,0.319,0.54,0.667,0.475,0.441,0.396,0.362,0.549,0.054,362,0.876,0.233,0.399,14,0,2018
New York Knicks,82,19830,0.464,12.7,0.734,0.278,0.156,0.14,0.159,0.266,0.504,0.656,0.398,0.442,0.399,0.352,0.499,0.04,259,0.869,0.194,0.406,20,0,2018
Oklahoma City Thunder,82,19830,0.453,13.2,0.655,0.315,0.096,0.105,0.138,0.345,0.505,0.639,0.367,0.404,0.375,0.354,0.426,0.067,408,0.831,0.239,0.372,21,0,2018
Orlando Magic,82,19730,0.452,13.3,0.658,0.259,0.18,0.108,0.112,0.342,0.504,0.688,0.398,0.347,0.403,0.351,0.515,0.052,335,0.851,0.178,0.374,8,0,2018
Philadelphia 76ers,82,19780,0.472,13.3,0.656,0.272,0.168,0.109,0.107,0.344,0.526,0.702,0.401,0.383,0.421,0.369,0.556,0.06,386,0.954,0.151,0.397,20,0,2018
Phoenix Suns,82,19705,0.442,12.5,0.68,0.313,0.145,0.115,0.107,0.32,0.492,0.618,0.387,0.399,0.369,0.334,0.467,0.063,387,0.823,0.209,0.366,16,0,2018
Portland Trail Blazers,82,19755,0.452,13,0.676,0.283,0.155,0.111,0.127,0.324,0.493,0.609,0.383,0.434,0.418,0.366,0.416,0.039,246,0.721,0.175,0.386,4,0,2018
Sacramento Kings,82,19755,0.45,12.9,0.722,0.242,0.205,0.115,0.159,0.278,0.479,0.642,0.395,0.385,0.407,0.375,0.477,0.045,290,0.817,0.2,0.409,25,0,2018
San Antonio Spurs,82,19730,0.457,12.7,0.718,0.261,0.169,0.143,0.144,0.282,0.499,0.66,0.406,0.416,0.4,0.352,0.497,0.031,192,0.897,0.235,0.4,16,0,2018
Toronto Raptors,82,19830,0.472,13.2,0.623,0.291,0.16,0.098,0.074,0.377,0.541,0.681,0.414,0.428,0.419,0.358,0.499,0.05,338,0.816,0.243,0.396,19,1,2018
Utah Jazz,82,19755,0.462,13.2,0.643,0.284,0.151,0.1,0.108,0.357,0.515,0.674,0.37,0.398,0.408,0.366,0.5,0.069,434,0.805,0.268,0.418,14,0,2018
Washington Wizards,82,19855,0.467,13.4,0.69,0.243,0.159,0.139,0.149,0.31,0.508,0.673,0.418,0.436,0.405,0.375,0.548,0.042,248,0.88,0.192,0.376,17,0,2018
All Teams,82,19795,0.46,13.2,0.663,0.281,0.156,0.106,0.12,0.337,0.51,0.658,0.394,0.415,0.4,0.362,0.499,0.053,331,0.83,0.208,0.394,17.5,0.2,2018