value,year,num,three_atmp,three_made,perc_made,mean_atmp,csv
International,2001,47,1755,676,0.3851852,37.34043,nationality
United_States,2001,394,30842,10848,0.3517282,78.27919,nationality
International,2002,53,2488,913,0.3669614,46.9434,nationality
United_States,2002,387,32586,11489,0.3525747,84.20155,nationality
International,2003,66,3670,1296,0.3531335,55.60606,nationality
United_States,2003,362,31242,10904,0.3490173,86.30387,nationality
International,2004,69,4187,1506,0.3596847,60.68116,nationality
United_States,2004,373,31305,10815,0.345472,83.92761,nationality
International,2005,83,4429,1607,0.3628359,53.36145,nationality
United_States,2005,381,34319,12170,0.3546141,90.07612,nationality
International,2006,83,5356,1987,0.3709858,64.53012,nationality
United_States,2006,375,33957,12099,0.3563036,90.552,nationality
International,2007,86,6583,2498,0.3794623,76.54651,nationality
United_States,2007,373,35252,12474,0.3538523,94.50938,nationality
International,2008,81,8212,3142,0.3826108,101.38272,nationality
United_States,2008,370,36474,13036,0.3574053,98.57838,nationality
International,2009,82,7313,2735,0.3739915,89.18293,nationality
United_States,2009,363,37276,13619,0.3653557,102.68871,nationality
International,2010,82,7175,2609,0.3636237,87.5,nationality
United_States,2010,361,37528,13237,0.3527233,103.95568,nationality
International,2011,90,7537,2679,0.3554465,83.74444,nationality
United_States,2011,362,36776,13207,0.3591201,101.59116,nationality
International,2012,89,5494,1909,0.34747,76.69527,nationality
United_States,2012,389,30901,10784,0.3489855,98.69448,nationality
International,2013,89,6848,2430,0.3548481,76.94382,nationality
United_States,2013,379,42201,15167,0.3593991,111.34828,nationality
International,2014,96,6866,2450,0.3568308,71.52083,nationality
United_States,2014,385,46107,16604,0.3601189,119.75844,nationality
International,2015,101,8530,2978,0.3491208,84.45545,nationality
United_States,2015,391,46607,16322,0.3502049,119.19949,nationality
International,2016,101,10243,3624,0.3538026,101.41584,nationality
United_States,2016,375,48999,17329,0.3536603,130.664,nationality
International,2017,114,13227,4650,0.3515536,116.02632,nationality
United_States,2017,372,53195,19098,0.3590187,142.99731,nationality
International,2018,114,14528,5316,0.3659141,127.4386,nationality
United_States,2018,425,56810,20490,0.3606759,133.67059,nationality
seven_feet_and_above,2001,39,466,161,0.3454936,11.948718,height
six_feet_and_under,2001,27,3246,1158,0.3567468,120.222222,height
six_feet_four_to_six,2001,95,10771,3826,0.3552131,113.378947,height
six_feet_one_to_three,2001,64,7516,2693,0.3583023,117.4375,height
six_feet_seven_to_nine,2001,136,8373,2918,0.3485011,61.566176,height
six_feet_ten_and_eleven,2001,80,2225,768,0.3451685,27.8125,height
seven_feet_and_above,2002,41,515,197,0.3825243,12.560976,height
six_feet_and_under,2002,23,2926,1025,0.3503076,127.217391,height
six_feet_four_to_six,2002,91,12124,4353,0.3590399,133.230769,height
six_feet_one_to_three,2002,67,7743,2687,0.3470231,115.567164,height
six_feet_seven_to_nine,2002,129,8919,3190,0.3576634,69.139535,height
six_feet_ten_and_eleven,2002,89,2847,950,0.3336846,31.988764,height
seven_feet_and_above,2003,39,668,217,0.3248503,17.128205,height
six_feet_and_under,2003,18,2068,703,0.339942,114.888889,height
six_feet_four_to_six,2003,87,10674,3800,0.3560052,122.689655,height
six_feet_one_to_three,2003,58,8266,2908,0.3518026,142.517241,height
six_feet_seven_to_nine,2003,137,10419,3608,0.3462904,76.051095,height
six_feet_ten_and_eleven,2003,89,2817,964,0.342208,31.651685,height
seven_feet_and_above,2004,39,368,116,0.3152174,9.435897,height
six_feet_and_under,2004,21,2235,739,0.3306488,106.428571,height
six_feet_four_to_six,2004,82,11501,4064,0.3533606,140.256098,height
six_feet_one_to_three,2004,62,8261,2826,0.3420893,133.241935,height
six_feet_seven_to_nine,2004,149,10486,3692,0.3520885,70.375839,height
six_feet_ten_and_eleven,2004,89,2641,884,0.3347217,29.674157,height
seven_feet_and_above,2005,45,310,104,0.3354839,6.888889,height
six_feet_and_under,2005,22,2943,988,0.3357119,133.772727,height
six_feet_four_to_six,2005,93,11653,4136,0.3549301,125.301075,height
six_feet_one_to_three,2005,65,9292,3329,0.3582652,142.953846,height
six_feet_seven_to_nine,2005,146,11726,4240,0.3615896,80.315068,height
six_feet_ten_and_eleven,2005,93,2824,980,0.3470255,30.365591,height
seven_feet_and_above,2006,43,430,151,0.3511628,10,height
six_feet_and_under,2006,21,2190,767,0.3502283,104.285714,height
six_feet_four_to_six,2006,91,11177,3931,0.3517044,122.824176,height
six_feet_one_to_three,2006,72,10380,3872,0.373025,144.166667,height
six_feet_seven_to_nine,2006,146,11746,4168,0.3548442,80.452055,height
six_feet_ten_and_eleven,2006,85,3390,1197,0.3530973,39.882353,height
seven_feet_and_above,2007,37,664,225,0.3388554,17.945946,height
six_feet_and_under,2007,23,2330,792,0.3399142,101.304348,height
six_feet_four_to_six,2007,88,11130,4003,0.3596586,126.477273,height
six_feet_one_to_three,2007,72,11999,4296,0.3580298,166.652778,height
six_feet_seven_to_nine,2007,152,13127,4772,0.3635256,86.361842,height
six_feet_ten_and_eleven,2007,87,2585,884,0.3419729,29.712644,height
seven_feet_and_above,2008,41,783,244,0.311622,19.097561,height
six_feet_and_under,2008,21,2032,688,0.3385827,96.761905,height
six_feet_four_to_six,2008,89,12597,4614,0.3662777,141.539326,height
six_feet_one_to_three,2008,71,11413,4181,0.3663366,160.746479,height
six_feet_seven_to_nine,2008,147,15158,5521,0.3642301,103.115646,height
six_feet_ten_and_eleven,2008,82,2703,930,0.3440622,32.963415,height
seven_feet_and_above,2009,47,944,340,0.3601695,20.085106,height
six_feet_and_under,2009,17,2135,765,0.3583138,125.588235,height
six_feet_four_to_six,2009,86,12205,4499,0.3686194,141.918605,height
six_feet_one_to_three,2009,69,11304,4131,0.3654459,163.826087,height
six_feet_seven_to_nine,2009,147,14545,5323,0.3659677,98.945578,height
six_feet_ten_and_eleven,2009,79,3456,1296,0.375,43.746835,height
seven_feet_and_above,2010,44,713,243,0.3408135,16.204545,height
six_feet_and_under,2010,19,2421,886,0.3659645,127.421053,height
six_feet_four_to_six,2010,80,12039,4301,0.3572556,150.4875,height
six_feet_one_to_three,2010,77,11660,4139,0.3549743,151.428571,height
six_feet_seven_to_nine,2010,140,13287,4677,0.3519982,94.907143,height
six_feet_ten_and_eleven,2010,83,4583,1600,0.3491163,55.216867,height
seven_feet_and_above,2011,44,668,222,0.3323353,15.181818,height
six_feet_and_under,2011,20,2674,932,0.3485415,133.7,height
six_feet_four_to_six,2011,86,12255,4393,0.3584659,142.5,height
six_feet_one_to_three,2011,68,10922,3924,0.3592749,160.617647,height
six_feet_seven_to_nine,2011,148,14286,5102,0.3571329,96.527027,height
six_feet_ten_and_eleven,2011,86,3508,1313,0.3742873,40.790698,height
seven_feet_and_above,2012,40,569,171,0.3005272,17.673485,height
six_feet_and_under,2012,21,2292,820,0.3577661,135.601732,height
six_feet_four_to_six,2012,90,9819,3454,0.351767,135.548485,height
six_feet_one_to_three,2012,78,9294,3232,0.3477512,148.039627,height
six_feet_seven_to_nine,2012,151,10922,3785,0.3465483,89.865944,height
six_feet_ten_and_eleven,2012,98,3499,1231,0.3518148,44.359617,height
seven_feet_and_above,2013,37,935,301,0.3219251,25.27027,height
six_feet_and_under,2013,18,3121,1122,0.3595002,173.388889,height
six_feet_four_to_six,2013,90,13751,4874,0.3544469,152.788889,height
six_feet_one_to_three,2013,78,12637,4575,0.3620321,162.012821,height
six_feet_seven_to_nine,2013,151,15068,5497,0.3648128,99.788079,height
six_feet_ten_and_eleven,2013,94,3537,1228,0.3471869,37.62766,height
seven_feet_and_above,2014,42,1386,468,0.3376623,33,height
six_feet_and_under,2014,20,3887,1400,0.3601749,194.35,height
six_feet_four_to_six,2014,91,13322,4736,0.3555022,146.395604,height
six_feet_one_to_three,2014,77,11437,4163,0.3639941,148.532468,height
six_feet_seven_to_nine,2014,159,19149,6955,0.3632043,120.433962,height
six_feet_ten_and_eleven,2014,92,3792,1332,0.3512658,41.217391,height
seven_feet_and_above,2015,43,1257,437,0.3476531,29.232558,height
six_feet_and_under,2015,22,3666,1279,0.3488816,166.636364,height
six_feet_four_to_six,2015,100,14239,4895,0.3437741,142.39,height
six_feet_one_to_three,2015,74,12460,4356,0.3495987,168.378378,height
six_feet_seven_to_nine,2015,161,18451,6583,0.3567828,114.602484,height
six_feet_ten_and_eleven,2015,92,5064,1750,0.3455766,55.043478,height
seven_feet_and_above,2016,42,1775,610,0.343662,42.261905,height
six_feet_and_under,2016,17,3558,1301,0.3656549,209.294118,height
six_feet_four_to_six,2016,102,15583,5353,0.3435154,152.77451,height
six_feet_one_to_three,2016,74,13553,4944,0.3647901,183.148649,height
six_feet_seven_to_nine,2016,151,19797,7043,0.355761,131.10596,height
six_feet_ten_and_eleven,2016,90,4976,1702,0.3420418,55.288889,height
seven_feet_and_above,2017,45,3026,1058,0.3496365,67.244444,height
six_feet_and_under,2017,19,3314,1230,0.3711527,174.421053,height
six_feet_four_to_six,2017,116,20013,7115,0.3555189,172.525862,height
six_feet_one_to_three,2017,70,12875,4749,0.3688544,183.928571,height
six_feet_seven_to_nine,2017,150,20099,7114,0.353948,133.993333,height
six_feet_ten_and_eleven,2017,86,7095,2482,0.3498238,82.5,height
seven_feet_and_above,2018,45,3996,1436,0.3593594,88.8,height
six_feet_and_under,2018,20,3933,1469,0.3735062,196.65,height
six_feet_four_to_six,2018,145,23255,8405,0.3614276,160.37931,height
six_feet_one_to_three,2018,74,12098,4329,0.3578277,163.486486,height
six_feet_seven_to_nine,2018,162,21215,7721,0.3639406,130.95679,height
six_feet_ten_and_eleven,2018,93,6841,2446,0.3575501,73.55914,height
C,2001,93,364,86,0.2362637,3.913978,position
PF,2001,88,3869,1331,0.3440165,43.965909,position
PG,2001,101,10050,3568,0.3550249,99.50495,position
SF,2001,89,8400,2930,0.3488095,94.382022,position
SG,2001,70,9914,3609,0.3640307,141.628571,position
C,2002,99,896,317,0.3537946,9.050505,position
PF,2002,86,3555,1225,0.3445851,41.337209,position
PG,2002,89,10442,3630,0.3476346,117.325843,position
SF,2002,80,8445,2905,0.3439905,105.5625,position
SG,2002,86,11736,4325,0.3685242,136.465116,position
C,2003,101,497,150,0.3018109,4.920792,position
PF,2003,81,4224,1423,0.3368845,52.148148,position
PG,2003,87,10327,3580,0.3466641,118.701149,position
SF,2003,78,8949,3157,0.3527768,114.730769,position
SG,2003,81,10915,3890,0.3563903,134.753086,position
C,2004,97,559,150,0.2683363,5.762887,position
PF,2004,99,3869,1291,0.333678,39.080808,position
PG,2004,83,10353,3555,0.3433787,124.73494,position
SF,2004,84,8740,3146,0.3599542,104.047619,position
SG,2004,79,11971,4179,0.3490936,151.531646,position
C,2005,106,785,253,0.322293,7.40566,position
PF,2005,87,4433,1521,0.3431085,50.954023,position
PG,2005,86,11814,4166,0.3526325,137.372093,position
SF,2005,91,10112,3717,0.3675831,111.120879,position
SG,2005,94,11604,4120,0.35505,123.446809,position
C,2006,100,301,64,0.2126246,3.01,position
PF,2006,92,6082,2135,0.3510358,66.108696,position
PG,2006,96,12330,4478,0.3631792,128.4375,position
SF,2006,84,8656,3073,0.3550139,103.047619,position
SG,2006,86,11944,4336,0.3630275,138.883721,position
C,2007,94,945,305,0.3227513,10.053191,position
PF,2007,109,5301,1853,0.3495567,48.633028,position
PG,2007,84,11266,3902,0.3463519,134.119048,position
SF,2007,75,10205,3715,0.3640372,136.066667,position
SG,2007,97,14118,5197,0.3681116,145.546392,position
C,2008,101,1519,500,0.3291639,15.039604,position
PF,2008,95,5352,1797,0.3357623,56.336842,position
PG,2008,85,10991,3962,0.3604768,129.305882,position
SF,2008,75,10919,4068,0.3725616,145.586667,position
SG,2008,95,15905,5851,0.3678717,167.421053,position
C,2009,97,1080,368,0.3407407,11.134021,position
PF,2009,90,5833,2163,0.3708212,64.811111,position
PG,2009,83,11081,4016,0.36242220000000003,133.506024,position
SF,2009,85,12001,4391,0.3658862,141.188235,position
SG,2009,90,14594,5416,0.3711114,162.155556,position
C,2010,91,1463,481,0.3287765,16.076923,position
PF,2010,89,5031,1714,0.3406877,56.52809,position
PG,2010,89,12395,4461,0.3599032,139.269663,position
SF,2010,90,11942,4207,0.352286,132.688889,position
SG,2010,84,13872,4983,0.3592128,165.142857,position
C,2011,105,588,176,0.2993197,5.6,position
PF,2011,81,4514,1614,0.3575543,55.728395,position
PG,2011,80,10865,3819,0.3514956,135.8125,position
SF,2011,90,12331,4424,0.3587706,137.011111,position
SG,2011,96,16015,5853,0.3654699,166.822917,position
C,2012,101,443,115,0.2595937,5.449445,position
PF,2012,96,3766,1292,0.3430696,48.739268,position
PG,2012,93,9792,3367,0.3438521,130.815249,position
SF,2012,94,9812,3376,0.3440685,129.687943,position
SG,2012,94,12582,4543,0.3610714,166.299807,position
C,2013,95,485,118,0.243299,5.105263,position
PF,2013,98,5549,1928,0.34745,56.622449,position
PG,2013,83,12981,4726,0.3640706,156.39759,position
SF,2013,95,14022,5048,0.3600057,147.6,position
SG,2013,97,16012,5777,0.3607919,165.072165,position
C,2014,92,1310,429,0.3274809,14.23913,position
PF,2014,97,6635,2308,0.3478523,68.402062,position
PG,2014,88,14500,5169,0.3564828,164.772727,position
SF,2014,97,14226,5116,0.3596232,146.659794,position
SG,2014,107,16302,6032,0.3700159,152.35514,position
C,2015,87,1020,331,0.3245098,11.724138,position
PF,2015,108,7631,2570,0.3367842,70.657407,position
PG,2015,97,15002,5126,0.3416878,154.659794,position
SF,2015,90,13364,4751,0.3555073,148.488889,position
SG,2015,110,18120,6522,0.3599338,164.727273,position
C,2016,91,1662,544,0.3273165,18.263736,position
PF,2016,105,9156,3221,0.3517912,87.2,position
PG,2016,95,14740,5216,0.353867,155.157895,position
SF,2016,89,15495,5408,0.3490158,174.101124,position
SG,2016,96,18189,6564,0.3608775,189.46875,position
C,2017,97,4188,1480,0.3533906,43.175258,position
PF,2017,103,11244,3886,0.3456065,109.165049,position
PG,2017,97,15887,5709,0.3593504,163.783505,position
SF,2017,84,14668,5141,0.3504909,174.619048,position
SG,2017,105,20435,7532,0.3685833,194.619048,position
C,2018,105,4941,1715,0.3470957,47.057143,position
PF,2018,105,13952,5040,0.3612385,132.87619,position
PG,2018,112,15541,5534,0.3560903,138.758929,position
SF,2018,90,13080,4744,0.3626911,145.333333,position
SG,2018,127,23824,8773,0.3682421,187.590551,position
