FG,Dist,portion_from_2,portion_from_0_to_3,portion_from_3_to_10,portion_from_10_to_16,portion_from_over_16,portion_from_3,portion_from_3_corner,portion_from_3_top,percentage_from_2,percentage_from_0_to_3,percentage_from_3_to_10,percentage_from_10_to_16,percentage_from_over_16,percentage_from_3,percentage_from_3_corner,percentage_from_3_top,portion_assisted_2,portion_assisted_3,heaves_attempted,heaves_made,year,Team
0.457,12.5,0.778,0.308,0.124,0.111,0.235,0.222,0.058608,0.163392,0.484,0.607,0.408,0.391,0.409,0.362,0.395,0.350163043,0.523,0.867,15.6,0.3,2008,All Teams
0.442,12.1,0.818,0.286,0.15,0.146,0.236,0.182,0.046774,0.135226,0.463,0.603,0.384,0.388,0.389,0.349,0.369,0.3420821,0.56,0.852,12,0.2,2003,All Teams
0.454,12.8,0.741,0.286,0.169,0.105,0.18,0.259,0.064232,0.194768,0.488,0.636,0.39,0.401,0.395,0.36,0.39,0.350106383,0.518,0.837,14.8,0.5,2014,All Teams
0.452,12.5,0.715,0.293,0.158,0.103,0.162,0.285,0.07068,0.21432,0.491,0.624,0.396,0.405,0.398,0.354,0.377,0.346414894,0.51,0.836,14.7,0.5,2016,All Teams
0.448,12.5,0.774,0.287,0.169,0.11,0.208,0.226,0.058986,0.167014,0.477,0.634,0.378,0.388,0.388,0.349,0.376,0.339464141,0.518,0.843,10.1,0.3,2012,All Teams
0.459,12.4,0.776,0.314,0.124,0.111,0.227,0.224,0.061376,0.162624,0.485,0.602,0.412,0.395,0.407,0.367,0.395,0.356432507,0.501,0.859,14.8,0.3,2009,All Teams
0.454,12.2,0.798,0.309,0.133,0.119,0.236,0.202,0.05454,0.14746,0.478,0.601,0.4,0.391,0.405,0.358,0.39,0.346164384,0.523,0.851,12.4,0.3,2006,All Teams
0.46,13.2,0.663,0.281,0.156,0.106,0.12,0.337,0.070096,0.266904,0.51,0.658,0.394,0.415,0.4,0.362,0.394,0.35359596,0.499,0.83,17.5,0.2,2018,All Teams
0.439,12,0.813,0.297,0.147,0.141,0.229,0.187,0.048807,0.138193,0.46,0.592,0.382,0.377,0.388,0.347,0.378,0.336051421,0.565,0.857,11.6,0.3,2004,All Teams
0.453,12.6,0.757,0.293,0.164,0.107,0.193,0.243,0.065124,0.177876,0.483,0.631,0.381,0.395,0.393,0.359,0.39,0.347650273,0.535,0.851,14,0.3,2013,All Teams
0.459,12.6,0.778,0.276,0.178,0.11,0.214,0.222,0.05994,0.16206,0.487,0.65,0.392,0.398,0.403,0.358,0.394,0.344684932,0.518,0.86,15.7,0.5,2011,All Teams
0.458,12.2,0.787,0.314,0.131,0.113,0.229,0.213,0.057723,0.155277,0.485,0.61,0.411,0.392,0.404,0.358,0.384,0.348334705,0.527,0.863,12.6,0.3,2007,All Teams
0.447,12.1,0.804,0.304,0.135,0.129,0.236,0.196,0.053312,0.142688,0.47,0.596,0.391,0.383,0.4,0.356,0.384,0.345538462,0.544,0.854,12.1,0.1,2005,All Teams
0.449,12.8,0.732,0.288,0.165,0.103,0.175,0.268,0.067804,0.200196,0.485,0.628,0.383,0.403,0.394,0.35,0.387,0.337468541,0.52,0.843,14.4,0.4,2015,All Teams
0.457,13.3,0.684,0.29,0.152,0.099,0.142,0.316,0.072048,0.243952,0.503,0.631,0.414,0.412,0.403,0.358,0.388,0.349139896,0.495,0.835,16.8,0.3,2017,All Teams
0.445,12,0.819,0.287,0.148,0.153,0.23,0.181,0.042535,0.138465,0.465,0.605,0.382,0.388,0.397,0.354,0.384,0.344784314,0.564,0.856,10.8,0.3,2002,All Teams
0.443,12,0.83,0.273,0.168,0.158,0.232,0.17,0.04063,0.12937,0.461,0.619,0.359,0.385,0.4,0.354,0.381,0.345520368,0.572,0.852,10.3,0.4,2001,All Teams
0.461,12.2,0.778,0.32,0.129,0.11,0.218,0.222,0.057276,0.164724,0.492,0.613,0.421,0.4,0.402,0.355,0.392,0.342134771,0.505,0.847,15.9,0.6,2010,All Teams
0.431,11.4,0.86,0.258,0.19,0.214,0.198,0.14,0.03192,0.10808,0.443,0.612,0.32,0.387,0.403,0.357,0.371,0.352865285,0.507,0.811,10,1,2001,Atlanta Hawks
0.466,13.2,0.679,0.29,0.158,0.08,0.151,0.321,0.088275,0.232725,0.506,0.636,0.392,0.386,0.441,0.38,0.421,0.364448276,0.591,0.918,3,0,2015,Atlanta Hawks
0.458,13.3,0.747,0.267,0.16,0.101,0.219,0.253,0.072105,0.180895,0.49,0.627,0.461,0.403,0.384,0.366,0.4,0.352447552,0.483,0.868,17,0,2009,Atlanta Hawks
0.444,11.9,0.823,0.269,0.158,0.181,0.214,0.177,0.048852,0.128148,0.464,0.584,0.381,0.423,0.41,0.352,0.397,0.334845304,0.543,0.856,9,0,2003,Atlanta Hawks
0.439,11.1,0.819,0.328,0.153,0.146,0.193,0.181,0.046155,0.134845,0.458,0.583,0.349,0.363,0.4,0.354,0.354,0.354,0.525,0.839,5,0,2002,Atlanta Hawks
0.464,13.4,0.714,0.281,0.152,0.073,0.208,0.286,0.075504,0.210496,0.501,0.678,0.382,0.387,0.389,0.371,0.426,0.351271739,0.585,0.874,12,0,2013,Atlanta Hawks
0.433,11.7,0.809,0.303,0.148,0.153,0.205,0.191,0.055772,0.135228,0.456,0.577,0.371,0.363,0.409,0.335,0.37,0.320564972,0.537,0.845,2,0,2004,Atlanta Hawks
0.462,13.5,0.778,0.233,0.175,0.097,0.274,0.222,0.077478,0.144522,0.494,0.649,0.434,0.39,0.436,0.352,0.38,0.336989247,0.55,0.882,13,1,2011,Atlanta Hawks
0.451,13,0.691,0.331,0.117,0.092,0.151,0.309,0.072306,0.236694,0.501,0.616,0.349,0.394,0.429,0.341,0.388,0.326642298,0.542,0.879,12,0,2017,Atlanta Hawks
0.446,13.6,0.637,0.279,0.131,0.105,0.122,0.363,0.088209,0.274791,0.495,0.635,0.351,0.399,0.411,0.36,0.426,0.338813738,0.52,0.869,22,0,2018,Atlanta Hawks
0.441,10.4,0.854,0.371,0.141,0.139,0.204,0.146,0.03869,0.10731,0.463,0.579,0.341,0.331,0.426,0.312,0.295,0.318129252,0.511,0.872,16,0,2005,Atlanta Hawks
0.454,13.2,0.751,0.277,0.153,0.074,0.247,0.249,0.08466,0.16434,0.482,0.63,0.43,0.397,0.373,0.37,0.398,0.355575758,0.532,0.915,8,1,2012,Atlanta Hawks
0.454,11.5,0.835,0.339,0.14,0.096,0.261,0.165,0.04125,0.12375,0.473,0.602,0.414,0.342,0.386,0.356,0.387,0.345666667,0.572,0.836,17,1,2008,Atlanta Hawks
0.444,11.7,0.837,0.356,0.097,0.09,0.294,0.163,0.041239,0.121761,0.467,0.572,0.385,0.398,0.387,0.329,0.373,0.314097724,0.518,0.833,8,0,2007,Atlanta Hawks
0.458,12.7,0.664,0.326,0.121,0.078,0.138,0.336,0.081984,0.254016,0.512,0.623,0.377,0.431,0.415,0.35,0.36,0.346772487,0.582,0.896,12,1,2016,Atlanta Hawks
0.458,13.4,0.684,0.263,0.174,0.102,0.145,0.316,0.084688,0.231312,0.502,0.643,0.409,0.419,0.413,0.363,0.386,0.354579235,0.598,0.87,13,1,2014,Atlanta Hawks
0.468,12.3,0.786,0.296,0.167,0.087,0.237,0.214,0.083032,0.130968,0.497,0.638,0.435,0.417,0.394,0.36,0.36,0.36,0.51,0.828,18,1,2010,Atlanta Hawks
0.454,11.3,0.822,0.342,0.132,0.118,0.231,0.178,0.049484,0.128516,0.472,0.583,0.371,0.377,0.414,0.367,0.383,0.360839335,0.504,0.837,11,0,2006,Atlanta Hawks
0.454,14.2,0.607,0.296,0.129,0.071,0.111,0.393,0.08646,0.30654,0.515,0.633,0.395,0.417,0.405,0.359,0.41,0.344615385,0.57,0.836,20,0,2017,Boston Celtics
0.465,12.9,0.785,0.287,0.13,0.128,0.239,0.215,0.072885,0.142115,0.494,0.623,0.357,0.446,0.439,0.358,0.399,0.336972769,0.555,0.914,22,0,2013,Boston Celtics
0.46,12.9,0.806,0.28,0.116,0.145,0.266,0.194,0.059946,0.134054,0.483,0.637,0.333,0.418,0.42,0.367,0.439,0.334803184,0.62,0.909,4,0,2012,Boston Celtics
0.486,12.1,0.82,0.313,0.14,0.113,0.254,0.18,0.0468,0.1332,0.513,0.674,0.376,0.445,0.42,0.365,0.467,0.329162162,0.597,0.882,8,0,2011,Boston Celtics
0.443,12,0.801,0.317,0.152,0.102,0.23,0.199,0.053929,0.145071,0.462,0.585,0.379,0.368,0.388,0.367,0.414,0.349528121,0.499,0.93,12,0,2007,Boston Celtics
0.486,12.1,0.786,0.332,0.123,0.109,0.223,0.214,0.064414,0.149586,0.51,0.633,0.402,0.411,0.434,0.397,0.446,0.375899857,0.541,0.911,5,0,2009,Boston Celtics
0.443,13,0.751,0.285,0.126,0.118,0.222,0.249,0.064491,0.184509,0.475,0.608,0.35,0.394,0.42,0.346,0.394,0.329222672,0.524,0.875,10,0,2004,Boston Celtics
0.435,13.3,0.749,0.273,0.148,0.109,0.219,0.251,0.060742,0.190258,0.47,0.607,0.348,0.424,0.403,0.333,0.39,0.314802111,0.51,0.852,15,0,2014,Boston Celtics
0.475,12.7,0.751,0.32,0.118,0.102,0.211,0.249,0.062997,0.186003,0.506,0.615,0.405,0.405,0.447,0.381,0.41,0.371178046,0.549,0.874,15,0,2008,Boston Celtics
0.439,12.4,0.707,0.318,0.141,0.094,0.154,0.293,0.067976,0.225024,0.483,0.624,0.355,0.378,0.373,0.335,0.345,0.331979167,0.546,0.856,12,0,2016,Boston Celtics
0.443,13.3,0.72,0.279,0.145,0.103,0.193,0.28,0.05712,0.22288,0.488,0.623,0.383,0.408,0.416,0.327,0.374,0.314954774,0.565,0.877,16,0,2015,Boston Celtics
0.468,11.3,0.808,0.364,0.119,0.113,0.212,0.192,0.056832,0.135168,0.496,0.614,0.36,0.379,0.433,0.349,0.381,0.335545455,0.543,0.899,12,0,2005,Boston Celtics
0.483,11.9,0.772,0.339,0.139,0.107,0.188,0.228,0.048792,0.179208,0.523,0.65,0.419,0.423,0.425,0.348,0.339,0.350450382,0.585,0.89,11,0,2010,Boston Celtics
0.428,12.5,0.748,0.287,0.161,0.121,0.18,0.252,0.065772,0.186228,0.45,0.571,0.344,0.385,0.393,0.363,0.39,0.353464141,0.532,0.926,12,0,2001,Boston Celtics
0.467,12,0.796,0.341,0.117,0.111,0.228,0.204,0.054468,0.149532,0.494,0.602,0.381,0.411,0.43,0.362,0.39,0.351800819,0.523,0.895,14,2,2006,Boston Celtics
0.424,13.3,0.711,0.293,0.124,0.111,0.182,0.289,0.061557,0.227443,0.45,0.581,0.324,0.351,0.385,0.359,0.33,0.366848793,0.512,0.886,15,2,2002,Boston Celtics
0.45,13.7,0.643,0.259,0.158,0.106,0.12,0.357,0.076041,0.280959,0.491,0.628,0.364,0.419,0.426,0.377,0.408,0.368609911,0.49,0.813,18,0,2018,Boston Celtics
0.415,13.8,0.669,0.268,0.14,0.109,0.152,0.331,0.07613,0.25487,0.455,0.618,0.319,0.346,0.371,0.334,0.343,0.331311688,0.496,0.823,17,1,2003,Boston Celtics
0.453,11.6,0.782,0.284,0.211,0.106,0.181,0.218,0.067362,0.150638,0.481,0.608,0.426,0.404,0.392,0.352,0.391,0.334560058,0.53,0.844,13,0,2016,Brooklyn Nets
0.45,12.6,0.731,0.272,0.203,0.102,0.154,0.269,0.093881,0.175119,0.484,0.623,0.405,0.397,0.4,0.357,0.395,0.336628264,0.484,0.871,12,0,2013,Brooklyn Nets
0.451,12.4,0.76,0.268,0.213,0.116,0.164,0.24,0.06816,0.17184,0.489,0.617,0.444,0.406,0.396,0.331,0.391,0.307201117,0.488,0.887,24,0,2015,Brooklyn Nets
0.441,13.7,0.589,0.269,0.175,0.083,0.062,0.411,0.082611,0.328389,0.5,0.643,0.379,0.4,0.354,0.356,0.376,0.350968711,0.507,0.844,13,1,2018,Brooklyn Nets
0.444,13.2,0.629,0.309,0.173,0.077,0.07,0.371,0.079765,0.291235,0.506,0.613,0.418,0.391,0.374,0.338,0.373,0.328414013,0.454,0.851,21,0,2017,Brooklyn Nets
0.459,13.6,0.699,0.256,0.171,0.112,0.16,0.301,0.073143,0.227857,0.497,0.642,0.413,0.427,0.405,0.369,0.391,0.361937913,0.491,0.88,20,0,2014,Brooklyn Nets
0.452,12,0.78,0.338,0.114,0.098,0.229,0.22,0.07722,0.14278,0.476,0.586,0.412,0.358,0.395,0.367,0.372,0.36429584,0.526,0.888,6,0,2008,Charlotte Hornets
0.446,11.8,0.807,0.335,0.129,0.095,0.249,0.193,0.067936,0.125064,0.467,0.574,0.381,0.352,0.41,0.357,0.384,0.342333333,0.565,0.921,14,1,2007,Charlotte Hornets
0.455,11.6,0.787,0.368,0.119,0.082,0.219,0.213,0.063687,0.149313,0.479,0.566,0.384,0.398,0.415,0.366,0.385,0.357895863,0.539,0.939,18,1,2009,Charlotte Hornets
0.432,11.7,0.872,0.284,0.149,0.145,0.294,0.128,0.044032,0.083968,0.442,0.574,0.375,0.351,0.392,0.363,0.413,0.336780488,0.57,0.903,6,0,2005,Charlotte Hornets
0.453,11,0.789,0.408,0.098,0.08,0.203,0.211,0.060346,0.150654,0.482,0.58,0.398,0.365,0.372,0.346,0.378,0.333182073,0.526,0.861,19,1,2010,Charlotte Hornets
0.425,12.2,0.79,0.319,0.147,0.111,0.212,0.21,0.04368,0.16632,0.448,0.577,0.323,0.373,0.38,0.335,0.402,0.31740404,0.507,0.838,15,0,2013,Charlotte Hornets
0.451,12,0.811,0.334,0.145,0.097,0.235,0.189,0.035343,0.153657,0.48,0.61,0.354,0.395,0.41,0.327,0.373,0.316419434,0.56,0.86,18,0,2011,Charlotte Hornets
0.442,12.6,0.781,0.29,0.151,0.122,0.218,0.219,0.045771,0.173229,0.468,0.607,0.414,0.409,0.352,0.351,0.371,0.34571555,0.539,0.874,17,0,2014,Charlotte Hornets
0.433,11.9,0.816,0.328,0.12,0.107,0.261,0.184,0.05796,0.12604,0.454,0.566,0.407,0.364,0.371,0.339,0.411,0.305890511,0.527,0.893,18,1,2006,Charlotte Hornets
0.414,12.8,0.831,0.29,0.125,0.108,0.309,0.169,0.026702,0.142298,0.439,0.592,0.322,0.377,0.363,0.295,0.34,0.286555819,0.584,0.757,12,0,2012,Charlotte Hornets
0.442,13.9,0.665,0.282,0.133,0.099,0.152,0.335,0.044555,0.290445,0.488,0.61,0.4,0.419,0.38,0.351,0.377,0.347011534,0.545,0.795,15,1,2017,Charlotte Hornets
0.45,13.2,0.686,0.273,0.16,0.114,0.138,0.314,0.048356,0.265644,0.487,0.642,0.38,0.408,0.37,0.369,0.369,0.369,0.484,0.756,22,1,2018,Charlotte Hornets
0.42,13.2,0.774,0.263,0.153,0.124,0.234,0.226,0.040002,0.185998,0.45,0.571,0.381,0.388,0.391,0.318,0.39,0.302515188,0.521,0.791,16,0,2015,Charlotte Hornets
0.431,12.2,0.849,0.27,0.134,0.18,0.265,0.151,0.026878,0.124122,0.446,0.595,0.386,0.363,0.381,0.346,0.406,0.333007299,0.65,0.885,9,1,2001,New Orleans Pelicans
0.44,11.6,0.849,0.308,0.131,0.162,0.248,0.151,0.023103,0.127897,0.456,0.577,0.402,0.363,0.395,0.348,0.408,0.337161747,0.58,0.812,8,0,2002,New Orleans Pelicans
0.439,13.7,0.652,0.274,0.129,0.093,0.156,0.348,0.059508,0.288492,0.479,0.599,0.394,0.383,0.397,0.362,0.409,0.352305187,0.482,0.84,9,1,2016,Charlotte Hornets
0.446,13,0.781,0.292,0.106,0.114,0.269,0.219,0.062196,0.156804,0.465,0.551,0.42,0.41,0.412,0.379,0.389,0.37503352,0.552,0.813,12,0,2006,Chicago Bulls
0.435,12.6,0.81,0.306,0.102,0.12,0.282,0.19,0.04408,0.14592,0.452,0.537,0.392,0.384,0.411,0.363,0.396,0.35303125,0.556,0.873,11,0,2008,Chicago Bulls
0.414,12.4,0.814,0.283,0.13,0.142,0.259,0.186,0.039804,0.146196,0.431,0.537,0.385,0.349,0.383,0.342,0.349,0.340094148,0.614,0.79,10,1,2004,Chicago Bulls
0.435,13.6,0.65,0.254,0.165,0.095,0.135,0.35,0.0644,0.2856,0.478,0.624,0.39,0.388,0.377,0.355,0.372,0.351166667,0.51,0.848,15,0,2018,Chicago Bulls
0.424,12,0.852,0.275,0.151,0.175,0.251,0.148,0.019536,0.128464,0.438,0.569,0.36,0.39,0.375,0.346,0.36,0.343870968,0.634,0.894,5,0,2001,Chicago Bulls
0.451,11.9,0.844,0.331,0.105,0.108,0.3,0.156,0.048048,0.107952,0.474,0.575,0.432,0.418,0.398,0.33,0.393,0.301959538,0.51,0.884,9,0,2010,Chicago Bulls
0.441,12.2,0.756,0.291,0.162,0.117,0.185,0.244,0.054656,0.189344,0.464,0.573,0.391,0.4,0.398,0.371,0.397,0.363494845,0.515,0.883,16,1,2016,Chicago Bulls
0.445,10.9,0.852,0.324,0.169,0.148,0.211,0.148,0.03848,0.10952,0.462,0.59,0.405,0.366,0.38,0.35,0.363,0.345432432,0.562,0.848,7,0,2003,Chicago Bulls
0.444,12.8,0.744,0.28,0.167,0.117,0.179,0.256,0.073984,0.182016,0.479,0.6,0.449,0.393,0.377,0.34,0.415,0.309514768,0.513,0.875,9,0,2017,Chicago Bulls
0.432,12.7,0.778,0.297,0.148,0.112,0.222,0.222,0.04884,0.17316,0.456,0.597,0.334,0.373,0.392,0.348,0.383,0.338128205,0.611,0.854,20,3,2014,Chicago Bulls
0.457,12.7,0.814,0.302,0.1,0.118,0.295,0.186,0.041478,0.144522,0.473,0.567,0.386,0.407,0.432,0.388,0.42,0.378815959,0.562,0.81,11,0,2007,Chicago Bulls
0.432,12.3,0.783,0.297,0.144,0.128,0.214,0.217,0.050778,0.166222,0.453,0.566,0.374,0.367,0.401,0.357,0.402,0.343253264,0.569,0.806,5,0,2005,Chicago Bulls
0.462,12.5,0.785,0.304,0.151,0.102,0.229,0.215,0.059125,0.155875,0.489,0.638,0.389,0.404,0.397,0.361,0.373,0.356448276,0.548,0.863,17,0,2011,Chicago Bulls
0.457,12.4,0.811,0.33,0.084,0.104,0.293,0.189,0.046494,0.142506,0.474,0.574,0.386,0.387,0.418,0.381,0.374,0.38328382,0.505,0.817,13,0,2009,Chicago Bulls
0.452,12.6,0.795,0.297,0.142,0.116,0.241,0.205,0.053505,0.151495,0.471,0.605,0.415,0.405,0.372,0.375,0.375,0.375,0.581,0.807,13,0,2012,Chicago Bulls
0.433,12,0.866,0.295,0.111,0.161,0.299,0.134,0.025326,0.108674,0.447,0.562,0.343,0.405,0.393,0.346,0.305,0.355554871,0.617,0.89,7,0,2002,Chicago Bulls
0.442,12.6,0.731,0.308,0.156,0.099,0.163,0.269,0.058104,0.210896,0.474,0.589,0.394,0.373,0.401,0.353,0.386,0.343908163,0.525,0.842,18,2,2015,Chicago Bulls
0.437,12.2,0.811,0.306,0.139,0.14,0.226,0.189,0.043281,0.145719,0.456,0.615,0.333,0.376,0.367,0.353,0.359,0.351217899,0.61,0.839,11,0,2013,Chicago Bulls
0.439,12.7,0.769,0.321,0.105,0.106,0.238,0.231,0.079695,0.151305,0.463,0.602,0.366,0.357,0.365,0.358,0.383,0.344832061,0.498,0.821,9,0,2008,Cleveland Cavaliers
0.433,10.6,0.884,0.318,0.173,0.196,0.197,0.116,0.03364,0.08236,0.448,0.586,0.355,0.387,0.368,0.314,0.338,0.304197183,0.595,0.879,13,0,2004,Cleveland Cavaliers
0.447,11.2,0.865,0.312,0.161,0.159,0.233,0.135,0.03942,0.09558,0.465,0.609,0.402,0.358,0.39,0.332,0.36,0.320451977,0.599,0.797,4,0,2005,Cleveland Cavaliers
0.422,11.7,0.763,0.326,0.188,0.081,0.167,0.238,0.056168,0.181832,0.446,0.599,0.322,0.326,0.343,0.346,0.359,0.341984293,0.516,0.836,6,0,2012,Cleveland Cavaliers
0.458,13.2,0.666,0.295,0.156,0.092,0.124,0.334,0.096526,0.237474,0.504,0.649,0.358,0.387,0.432,0.367,0.364,0.368219409,0.509,0.803,4,1,2015,Cleveland Cavaliers
0.447,12.1,0.789,0.323,0.129,0.123,0.214,0.211,0.072162,0.138838,0.473,0.622,0.358,0.373,0.375,0.352,0.363,0.346282675,0.519,0.846,12,2,2007,Cleveland Cavaliers
0.448,12.4,0.844,0.255,0.141,0.206,0.242,0.156,0.037128,0.118872,0.461,0.58,0.391,0.425,0.407,0.377,0.43,0.360446194,0.601,0.91,20,1,2002,Cleveland Cavaliers
0.47,14.4,0.601,0.284,0.11,0.092,0.115,0.399,0.116907,0.282093,0.528,0.666,0.362,0.428,0.425,0.384,0.412,0.37239604,0.441,0.829,7,0,2017,Cleveland Cavaliers
0.485,12.5,0.752,0.339,0.119,0.08,0.214,0.248,0.081592,0.166408,0.52,0.667,0.443,0.369,0.387,0.381,0.412,0.365800298,0.551,0.762,12,1,2010,Cleveland Cavaliers
0.437,12.8,0.764,0.269,0.17,0.128,0.197,0.236,0.059472,0.176528,0.461,0.583,0.388,0.394,0.402,0.356,0.373,0.350272727,0.513,0.82,19,0,2014,Cleveland Cavaliers
0.46,13.3,0.648,0.28,0.149,0.095,0.125,0.352,0.09152,0.26048,0.514,0.658,0.391,0.378,0.438,0.362,0.391,0.351810811,0.481,0.861,5,1,2016,Cleveland Cavaliers
0.442,10.9,0.899,0.28,0.201,0.19,0.228,0.101,0.034138,0.066862,0.455,0.622,0.335,0.41,0.392,0.334,0.359,0.32123565,0.564,0.914,22,1,2001,Cleveland Cavaliers
0.434,12.3,0.776,0.296,0.179,0.097,0.203,0.224,0.052416,0.171584,0.461,0.61,0.355,0.333,0.398,0.342,0.37,0.333446475,0.542,0.847,7,0,2011,Cleveland Cavaliers
0.434,12.4,0.771,0.294,0.174,0.116,0.188,0.229,0.048319,0.180681,0.46,0.584,0.352,0.385,0.411,0.346,0.338,0.348139417,0.509,0.821,12,1,2013,Cleveland Cavaliers
0.476,13.8,0.621,0.297,0.113,0.092,0.119,0.379,0.095508,0.283492,0.54,0.706,0.368,0.413,0.387,0.372,0.417,0.356839572,0.478,0.819,13,0,2018,Cleveland Cavaliers
0.422,11.1,0.867,0.303,0.159,0.188,0.216,0.133,0.044555,0.088445,0.437,0.596,0.331,0.361,0.359,0.327,0.373,0.303827068,0.572,0.853,21,0,2003,Cleveland Cavaliers
0.468,13.7,0.741,0.278,0.101,0.101,0.262,0.259,0.090909,0.168091,0.495,0.644,0.385,0.391,0.418,0.393,0.412,0.382724191,0.484,0.79,10,0,2009,Cleveland Cavaliers
0.454,11.9,0.772,0.351,0.121,0.103,0.198,0.228,0.08322,0.14478,0.487,0.616,0.375,0.348,0.399,0.339,0.36,0.326929134,0.482,0.803,15,0,2006,Cleveland Cavaliers
0.462,13,0.764,0.242,0.179,0.16,0.182,0.236,0.054752,0.181248,0.489,0.627,0.432,0.412,0.431,0.372,0.363,0.37471875,0.538,0.86,18,0,2013,Dallas Mavericks
0.467,13,0.782,0.269,0.104,0.163,0.246,0.218,0.071504,0.146496,0.491,0.606,0.401,0.452,0.43,0.381,0.377,0.382952381,0.469,0.88,14,0,2007,Dallas Mavericks
0.464,13,0.785,0.264,0.108,0.17,0.243,0.215,0.059985,0.155015,0.495,0.611,0.398,0.438,0.453,0.352,0.371,0.344647712,0.503,0.903,19,0,2008,Dallas Mavericks
0.44,15.4,0.634,0.201,0.127,0.116,0.189,0.366,0.071736,0.294264,0.489,0.637,0.444,0.441,0.391,0.355,0.371,0.351099502,0.474,0.813,17,0,2017,Dallas Mavericks
0.459,12.3,0.798,0.257,0.165,0.166,0.21,0.202,0.047268,0.154732,0.479,0.656,0.347,0.413,0.419,0.381,0.355,0.388942559,0.513,0.816,14,0,2001,Dallas Mavericks
0.443,13.4,0.729,0.24,0.167,0.148,0.175,0.271,0.061788,0.209212,0.482,0.658,0.355,0.409,0.422,0.339,0.35,0.335751295,0.509,0.829,10,0,2012,Dallas Mavericks
0.474,13.2,0.726,0.262,0.156,0.135,0.173,0.274,0.054526,0.219474,0.508,0.655,0.418,0.426,0.428,0.384,0.412,0.377043695,0.52,0.861,15,0,2014,Dallas Mavericks
0.462,13.4,0.759,0.266,0.089,0.162,0.242,0.241,0.067962,0.173038,0.498,0.601,0.402,0.443,0.456,0.35,0.335,0.355891365,0.506,0.851,17,1,2009,Dallas Mavericks
0.464,12.7,0.778,0.282,0.127,0.142,0.229,0.222,0.049062,0.172938,0.491,0.6,0.422,0.41,0.444,0.372,0.399,0.36434018,0.556,0.864,13,0,2010,Dallas Mavericks
0.457,12.3,0.81,0.287,0.132,0.148,0.243,0.19,0.04598,0.14402,0.479,0.594,0.44,0.399,0.413,0.364,0.37,0.362084433,0.472,0.834,20,0,2005,Dallas Mavericks
0.462,11.8,0.825,0.287,0.143,0.178,0.218,0.175,0.0406,0.1344,0.481,0.571,0.423,0.425,0.447,0.374,0.422,0.3595,0.435,0.894,19,0,2006,Dallas Mavericks
0.459,12.1,0.799,0.29,0.159,0.129,0.219,0.201,0.033768,0.167232,0.488,0.619,0.414,0.428,0.402,0.348,0.373,0.342951923,0.548,0.828,18,0,2004,Dallas Mavericks
0.475,13.6,0.726,0.24,0.162,0.125,0.199,0.274,0.080282,0.193718,0.516,0.684,0.407,0.423,0.461,0.365,0.392,0.353810467,0.565,0.905,18,1,2011,Dallas Mavericks
0.444,13.7,0.661,0.243,0.149,0.111,0.159,0.339,0.072207,0.266793,0.495,0.656,0.369,0.431,0.412,0.344,0.39,0.331550191,0.5,0.847,17,0,2016,Dallas Mavericks
0.453,13.2,0.761,0.253,0.131,0.136,0.241,0.239,0.057838,0.181162,0.475,0.622,0.416,0.408,0.391,0.381,0.372,0.383873351,0.515,0.843,11,0,2003,Dallas Mavericks
0.463,13.3,0.704,0.287,0.142,0.094,0.182,0.296,0.067784,0.228216,0.509,0.661,0.379,0.42,0.417,0.352,0.393,0.339822309,0.482,0.857,10,1,2015,Dallas Mavericks
0.444,14.4,0.618,0.241,0.135,0.105,0.137,0.382,0.064558,0.317442,0.496,0.652,0.4,0.385,0.405,0.36,0.416,0.348611312,0.491,0.824,20,0,2018,Dallas Mavericks
0.462,12.8,0.763,0.281,0.121,0.146,0.214,0.237,0.03792,0.19908,0.488,0.607,0.404,0.411,0.431,0.378,0.436,0.366952381,0.51,0.799,9,0,2002,Dallas Mavericks
0.459,11.1,0.858,0.364,0.102,0.117,0.274,0.142,0.043168,0.098832,0.479,0.627,0.36,0.36,0.377,0.34,0.399,0.314229885,0.617,0.878,23,0,2005,Denver Nuggets
0.461,11.4,0.839,0.367,0.088,0.103,0.28,0.161,0.048783,0.112217,0.487,0.613,0.368,0.377,0.401,0.325,0.319,0.327608321,0.591,0.886,20,1,2006,Denver Nuggets
0.443,11.3,0.854,0.345,0.111,0.127,0.272,0.146,0.028032,0.117968,0.461,0.597,0.365,0.377,0.365,0.336,0.381,0.325306931,0.574,0.801,10,0,2004,Denver Nuggets
0.47,11.8,0.773,0.376,0.1,0.081,0.216,0.227,0.043811,0.183189,0.499,0.616,0.407,0.327,0.401,0.371,0.389,0.366695167,0.555,0.777,18,1,2009,Denver Nuggets
0.465,11.4,0.788,0.37,0.104,0.1,0.214,0.212,0.053212,0.158788,0.5,0.632,0.393,0.392,0.373,0.336,0.318,0.342032043,0.55,0.924,16,0,2007,Denver Nuggets
0.433,12.7,0.716,0.297,0.177,0.09,0.151,0.284,0.067024,0.216976,0.476,0.624,0.349,0.397,0.38,0.325,0.344,0.31913089,0.506,0.839,22,1,2015,Denver Nuggets
0.469,12.8,0.671,0.33,0.156,0.078,0.108,0.329,0.063168,0.265832,0.519,0.627,0.441,0.386,0.397,0.368,0.387,0.363485149,0.526,0.87,19,0,2017,Denver Nuggets
0.468,12,0.773,0.351,0.11,0.094,0.218,0.227,0.048578,0.178422,0.5,0.623,0.388,0.4,0.401,0.359,0.4,0.34783715,0.503,0.772,16,0,2010,Denver Nuggets
0.433,12.3,0.79,0.295,0.137,0.138,0.221,0.21,0.06195,0.14805,0.454,0.615,0.357,0.366,0.354,0.355,0.38,0.344539007,0.62,0.861,5,0,2001,Denver Nuggets
0.442,11.8,0.723,0.342,0.158,0.08,0.142,0.277,0.05817,0.21883,0.482,0.586,0.389,0.373,0.397,0.338,0.34,0.337468354,0.543,0.811,18,2,2016,Denver Nuggets
0.411,11.2,0.874,0.297,0.171,0.135,0.272,0.126,0.030492,0.095508,0.43,0.567,0.341,0.38,0.361,0.278,0.251,0.286620053,0.629,0.825,8,0,2003,Denver Nuggets
0.47,12.8,0.643,0.275,0.204,0.09,0.074,0.357,0.059619,0.297381,0.525,0.664,0.424,0.441,0.391,0.371,0.417,0.361777911,0.526,0.848,26,0,2018,Denver Nuggets
0.476,12.3,0.742,0.349,0.133,0.074,0.186,0.258,0.073788,0.184212,0.506,0.633,0.371,0.378,0.414,0.388,0.4,0.383193277,0.497,0.875,17,1,2011,Denver Nuggets
0.47,11.9,0.772,0.362,0.102,0.1,0.208,0.228,0.054948,0.173052,0.504,0.622,0.4,0.392,0.404,0.355,0.403,0.339758893,0.551,0.907,32,0,2008,Denver Nuggets
0.478,10.4,0.783,0.415,0.172,0.08,0.115,0.217,0.074865,0.142135,0.516,0.655,0.368,0.347,0.352,0.343,0.351,0.33878626,0.551,0.862,21,0,2013,Denver Nuggets
0.476,11,0.757,0.404,0.151,0.077,0.125,0.243,0.076059,0.166941,0.522,0.645,0.372,0.392,0.386,0.332,0.361,0.318787482,0.553,0.92,22,1,2012,Denver Nuggets
0.424,12,0.813,0.3,0.147,0.121,0.245,0.187,0.057222,0.129778,0.446,0.583,0.36,0.397,0.355,0.329,0.344,0.322386167,0.586,0.842,17,0,2002,Denver Nuggets
0.447,12.5,0.722,0.309,0.182,0.08,0.15,0.278,0.06672,0.21128,0.481,0.634,0.373,0.351,0.366,0.358,0.416,0.339684211,0.518,0.813,20,0,2014,Denver Nuggets
0.454,12.7,0.835,0.284,0.091,0.156,0.304,0.165,0.0627,0.1023,0.475,0.587,0.477,0.405,0.406,0.349,0.38,0.33,0.51,0.955,11,0,2009,Detroit Pistons
0.445,11.8,0.82,0.319,0.125,0.145,0.23,0.18,0.05796,0.12204,0.474,0.588,0.395,0.414,0.396,0.314,0.334,0.304501475,0.49,0.89,14,0,2010,Detroit Pistons
0.444,11.5,0.836,0.321,0.117,0.183,0.215,0.164,0.044772,0.119228,0.463,0.576,0.393,0.413,0.377,0.345,0.355,0.341244842,0.592,0.865,8,0,2005,Detroit Pistons
0.438,11.4,0.825,0.329,0.172,0.107,0.216,0.175,0.041825,0.133175,0.457,0.589,0.36,0.375,0.376,0.346,0.356,0.342859396,0.488,0.849,14,0,2012,Detroit Pistons
0.449,13.1,0.737,0.25,0.189,0.141,0.157,0.263,0.053389,0.209611,0.492,0.646,0.384,0.445,0.416,0.33,0.384,0.316245922,0.455,0.845,30,1,2017,Detroit Pistons
0.452,12.7,0.76,0.283,0.124,0.146,0.207,0.24,0.07344,0.16656,0.475,0.613,0.42,0.356,0.404,0.376,0.398,0.366299712,0.555,0.884,6,1,2002,Detroit Pistons
0.449,11.1,0.783,0.37,0.172,0.072,0.169,0.217,0.057939,0.159061,0.474,0.609,0.347,0.34,0.366,0.356,0.356,0.356,0.514,0.926,16,0,2013,Detroit Pistons
0.46,12,0.811,0.307,0.15,0.132,0.222,0.189,0.068985,0.120015,0.479,0.634,0.376,0.376,0.396,0.376,0.397,0.363929134,0.507,0.892,18,1,2011,Detroit Pistons
0.435,10.7,0.847,0.34,0.153,0.175,0.179,0.153,0.039321,0.113679,0.452,0.566,0.356,0.393,0.374,0.344,0.394,0.326705249,0.592,0.817,7,0,2004,Detroit Pistons
0.454,12.4,0.799,0.291,0.11,0.182,0.216,0.201,0.063918,0.137082,0.481,0.602,0.408,0.404,0.421,0.344,0.352,0.340269795,0.561,0.822,13,1,2007,Detroit Pistons
0.424,12.2,0.838,0.295,0.109,0.15,0.284,0.162,0.044874,0.117126,0.439,0.571,0.319,0.35,0.394,0.35,0.377,0.339655602,0.513,0.848,5,0,2001,Detroit Pistons
0.455,13.2,0.779,0.269,0.086,0.174,0.249,0.221,0.064753,0.156247,0.475,0.608,0.405,0.415,0.398,0.384,0.4,0.377369165,0.629,0.797,4,0,2006,Detroit Pistons
0.447,11.1,0.778,0.356,0.197,0.068,0.157,0.222,0.055722,0.166278,0.483,0.64,0.344,0.369,0.348,0.321,0.396,0.295866489,0.493,0.779,24,0,2014,Detroit Pistons
0.458,13.5,0.797,0.265,0.085,0.153,0.295,0.203,0.052577,0.150423,0.481,0.613,0.392,0.405,0.428,0.366,0.366,0.366,0.566,0.842,14,0,2008,Detroit Pistons
0.45,13.1,0.667,0.26,0.185,0.107,0.116,0.333,0.075591,0.257409,0.488,0.657,0.346,0.433,0.388,0.373,0.392,0.36742044,0.465,0.889,19,1,2018,Detroit Pistons
0.43,13.1,0.763,0.264,0.135,0.145,0.219,0.237,0.057117,0.179883,0.452,0.568,0.42,0.364,0.393,0.358,0.362,0.356729908,0.553,0.792,10,1,2003,Detroit Pistons
0.432,12.2,0.71,0.323,0.192,0.065,0.128,0.29,0.0696,0.2204,0.468,0.601,0.329,0.381,0.386,0.344,0.396,0.327578947,0.512,0.815,20,0,2015,Detroit Pistons
0.439,12.3,0.697,0.294,0.184,0.104,0.116,0.303,0.076962,0.226038,0.48,0.61,0.369,0.41,0.388,0.345,0.374,0.335126005,0.422,0.803,30,1,2016,Detroit Pistons
0.458,12.6,0.791,0.308,0.138,0.092,0.252,0.209,0.046816,0.162184,0.48,0.632,0.362,0.366,0.402,0.373,0.461,0.347597938,0.468,0.827,18,1,2009,Golden State Warriors
0.442,11.9,0.803,0.272,0.196,0.117,0.218,0.197,0.050038,0.146962,0.468,0.654,0.358,0.346,0.399,0.334,0.356,0.326509383,0.526,0.918,17,1,2004,Golden State Warriors
0.457,13.4,0.752,0.259,0.166,0.091,0.236,0.248,0.067952,0.180048,0.48,0.647,0.343,0.428,0.413,0.388,0.457,0.361958678,0.516,0.87,13,1,2012,Golden State Warriors
0.433,13.1,0.73,0.283,0.152,0.083,0.211,0.27,0.07209,0.19791,0.467,0.633,0.348,0.357,0.374,0.341,0.38,0.326793997,0.519,0.789,13,0,2006,Golden State Warriors
0.462,13.4,0.709,0.264,0.176,0.1,0.169,0.291,0.06984,0.22116,0.496,0.654,0.394,0.396,0.412,0.38,0.413,0.369578947,0.54,0.753,21,0,2014,Golden State Warriors
0.495,14.1,0.641,0.303,0.102,0.107,0.129,0.359,0.074672,0.284328,0.557,0.69,0.408,0.43,0.469,0.383,0.409,0.376171717,0.656,0.832,30,1,2017,Golden State Warriors
0.469,13.3,0.762,0.298,0.113,0.095,0.256,0.238,0.060214,0.177786,0.499,0.651,0.367,0.393,0.419,0.375,0.433,0.355356091,0.481,0.858,20,0,2010,Golden State Warriors
0.461,13,0.752,0.276,0.169,0.093,0.214,0.248,0.07316,0.17484,0.484,0.656,0.37,0.349,0.412,0.392,0.432,0.375262411,0.489,0.866,19,1,2011,Golden State Warriors
0.503,14,0.661,0.267,0.111,0.139,0.144,0.339,0.053562,0.285438,0.56,0.708,0.424,0.485,0.463,0.391,0.405,0.388372922,0.643,0.801,26,0,2018,Golden State Warriors
0.459,12.7,0.705,0.345,0.121,0.068,0.171,0.295,0.072275,0.222725,0.506,0.634,0.378,0.378,0.39,0.348,0.39,0.334370861,0.459,0.815,21,0,2008,Golden State Warriors
0.409,11.5,0.866,0.24,0.226,0.159,0.241,0.134,0.026398,0.107602,0.427,0.653,0.313,0.336,0.371,0.293,0.337,0.282205479,0.588,0.809,8,1,2001,Golden State Warriors
0.478,13.5,0.689,0.286,0.145,0.104,0.154,0.311,0.068731,0.242269,0.514,0.675,0.371,0.443,0.397,0.398,0.46,0.380410783,0.602,0.821,24,0,2015,Golden State Warriors
0.458,13.5,0.761,0.242,0.173,0.118,0.229,0.239,0.054014,0.184986,0.475,0.65,0.361,0.391,0.418,0.403,0.461,0.386064599,0.542,0.769,21,1,2013,Golden State Warriors
0.487,13.5,0.638,0.301,0.125,0.093,0.119,0.362,0.082898,0.279102,0.528,0.66,0.362,0.422,0.452,0.416,0.413,0.416891051,0.626,0.792,22,2,2016,Golden State Warriors
0.463,12.3,0.721,0.338,0.135,0.077,0.172,0.279,0.094581,0.184419,0.504,0.654,0.362,0.359,0.386,0.356,0.386,0.340614221,0.525,0.866,15,0,2007,Golden State Warriors
0.441,11.6,0.822,0.271,0.207,0.123,0.222,0.178,0.038626,0.139374,0.462,0.638,0.361,0.405,0.373,0.344,0.336,0.346217114,0.517,0.819,11,0,2003,Golden State Warriors
0.43,13.3,0.748,0.254,0.155,0.092,0.248,0.252,0.061992,0.190008,0.457,0.642,0.328,0.364,0.382,0.352,0.358,0.35004244,0.542,0.814,10,0,2005,Golden State Warriors
0.429,10.6,0.858,0.297,0.235,0.111,0.215,0.142,0.027406,0.114594,0.447,0.64,0.326,0.372,0.351,0.322,0.359,0.313151177,0.532,0.881,15,1,2002,Golden State Warriors
0.453,12.2,0.783,0.306,0.141,0.133,0.204,0.217,0.055118,0.161882,0.48,0.636,0.356,0.398,0.385,0.357,0.391,0.345423592,0.498,0.792,15,2,2001,Houston Rockets
0.449,12.7,0.76,0.25,0.202,0.12,0.189,0.24,0.06888,0.17112,0.477,0.655,0.374,0.398,0.403,0.359,0.435,0.328408135,0.504,0.816,9,0,2012,Houston Rockets
0.461,12.8,0.651,0.341,0.156,0.048,0.106,0.349,0.10121,0.24779,0.511,0.653,0.35,0.338,0.372,0.366,0.392,0.355380282,0.52,0.841,11,2,2013,Houston Rockets
0.433,12.6,0.774,0.281,0.151,0.118,0.225,0.226,0.05876,0.16724,0.463,0.577,0.426,0.367,0.395,0.332,0.391,0.31127027,0.531,0.832,9,0,2006,Houston Rockets
0.448,12.7,0.745,0.315,0.127,0.096,0.206,0.255,0.05202,0.20298,0.485,0.593,0.41,0.404,0.403,0.342,0.375,0.333542714,0.522,0.846,12,0,2008,Houston Rockets
0.445,13.2,0.71,0.276,0.145,0.104,0.185,0.29,0.07801,0.21199,0.475,0.578,0.431,0.385,0.406,0.372,0.399,0.362064295,0.518,0.8,7,1,2007,Houston Rockets
0.454,12.9,0.736,0.263,0.203,0.092,0.177,0.264,0.059928,0.204072,0.486,0.644,0.394,0.405,0.398,0.367,0.4,0.357309185,0.553,0.851,15,0,2011,Houston Rockets
0.428,13,0.777,0.295,0.108,0.103,0.271,0.223,0.053743,0.169257,0.455,0.587,0.348,0.355,0.391,0.335,0.35,0.330237154,0.457,0.829,15,0,2002,Houston Rockets
0.44,12.1,0.804,0.305,0.145,0.126,0.229,0.196,0.04704,0.14896,0.462,0.605,0.38,0.366,0.376,0.346,0.342,0.347263158,0.466,0.879,20,1,2003,Houston Rockets
0.443,13.4,0.763,0.254,0.134,0.119,0.256,0.237,0.065649,0.171351,0.468,0.59,0.435,0.394,0.399,0.364,0.391,0.353655602,0.561,0.808,11,0,2005,Houston Rockets
0.444,13.2,0.608,0.309,0.184,0.047,0.068,0.392,0.128184,0.263816,0.506,0.636,0.391,0.351,0.328,0.348,0.393,0.326135215,0.496,0.833,17,0,2015,Houston Rockets
0.46,15,0.498,0.288,0.103,0.062,0.044,0.502,0.113954,0.388046,0.558,0.669,0.369,0.454,0.43,0.362,0.401,0.350547219,0.47,0.689,17,1,2018,Houston Rockets
0.447,12,0.735,0.346,0.134,0.089,0.165,0.265,0.0636,0.2014,0.481,0.572,0.427,0.382,0.388,0.351,0.395,0.337105263,0.507,0.85,15,0,2010,Houston Rockets
0.472,11.9,0.67,0.341,0.214,0.049,0.065,0.33,0.0759,0.2541,0.529,0.663,0.405,0.391,0.343,0.358,0.389,0.34874026,0.472,0.834,11,1,2014,Houston Rockets
0.452,12.5,0.63,0.321,0.164,0.064,0.082,0.37,0.11359,0.25641,0.514,0.651,0.356,0.4,0.379,0.347,0.36,0.341240981,0.508,0.793,21,0,2016,Houston Rockets
0.453,12.3,0.746,0.309,0.16,0.111,0.166,0.254,0.049276,0.204724,0.48,0.568,0.45,0.409,0.393,0.375,0.383,0.373074442,0.492,0.824,25,0,2009,Houston Rockets
0.462,14.4,0.538,0.321,0.125,0.041,0.05,0.462,0.092862,0.369138,0.552,0.667,0.391,0.375,0.374,0.357,0.39,0.348698373,0.546,0.771,14,0,2017,Houston Rockets
0.442,12.7,0.773,0.268,0.153,0.141,0.211,0.227,0.071505,0.155495,0.464,0.596,0.383,0.402,0.398,0.366,0.384,0.357722628,0.512,0.854,16,0,2004,Houston Rockets
0.45,13.1,0.73,0.27,0.133,0.108,0.219,0.27,0.07371,0.19629,0.486,0.635,0.435,0.39,0.381,0.351,0.398,0.333350757,0.487,0.804,13,0,2016,Indiana Pacers
0.446,12.4,0.818,0.236,0.193,0.168,0.222,0.182,0.052416,0.129584,0.47,0.639,0.408,0.389,0.405,0.339,0.384,0.320797753,0.601,0.896,11,0,2002,Indiana Pacers
0.438,12.6,0.788,0.272,0.158,0.146,0.213,0.212,0.057028,0.154972,0.462,0.589,0.416,0.379,0.392,0.346,0.366,0.338640219,0.522,0.898,11,2,2007,Indiana Pacers
0.439,13.5,0.745,0.244,0.173,0.105,0.222,0.255,0.06783,0.18717,0.469,0.604,0.4,0.377,0.418,0.352,0.383,0.340765668,0.516,0.858,17,0,2015,Indiana Pacers
0.44,12.6,0.82,0.221,0.201,0.157,0.241,0.18,0.05922,0.12078,0.461,0.621,0.374,0.423,0.412,0.342,0.367,0.329742176,0.58,0.889,7,0,2001,Indiana Pacers
0.444,14,0.711,0.246,0.138,0.111,0.216,0.289,0.054332,0.234668,0.472,0.616,0.423,0.38,0.386,0.374,0.398,0.36844335,0.496,0.927,10,0,2008,Indiana Pacers
0.472,13,0.716,0.293,0.136,0.096,0.191,0.284,0.06248,0.22152,0.513,0.638,0.42,0.449,0.422,0.369,0.425,0.353205128,0.465,0.819,21,0,2018,Indiana Pacers
0.443,13.4,0.722,0.28,0.135,0.098,0.209,0.278,0.052542,0.225458,0.479,0.599,0.425,0.403,0.39,0.348,0.362,0.344737361,0.474,0.926,11,0,2010,Indiana Pacers
0.441,12,0.831,0.278,0.163,0.163,0.226,0.169,0.037518,0.131482,0.461,0.632,0.357,0.369,0.392,0.339,0.31,0.347275064,0.623,0.876,5,0,2003,Indiana Pacers
0.455,12.9,0.756,0.295,0.135,0.103,0.223,0.244,0.042456,0.201544,0.48,0.592,0.413,0.41,0.403,0.378,0.37,0.37968523,0.454,0.933,9,0,2009,Indiana Pacers
0.432,13.2,0.745,0.27,0.14,0.137,0.199,0.255,0.06936,0.18564,0.463,0.582,0.407,0.397,0.384,0.344,0.403,0.321956044,0.481,0.86,10,0,2005,Indiana Pacers
0.442,13.2,0.756,0.245,0.182,0.116,0.213,0.244,0.049532,0.194468,0.471,0.627,0.402,0.397,0.391,0.354,0.394,0.343811794,0.45,0.892,11,0,2011,Indiana Pacers
0.449,13,0.765,0.249,0.188,0.124,0.205,0.235,0.05781,0.17719,0.477,0.611,0.418,0.382,0.425,0.357,0.406,0.341013263,0.498,0.831,14,0,2014,Indiana Pacers
0.465,13.5,0.728,0.241,0.186,0.107,0.194,0.272,0.070176,0.201824,0.498,0.625,0.464,0.417,0.418,0.376,0.403,0.36661186,0.498,0.838,18,0,2017,Indiana Pacers
0.435,12.1,0.797,0.288,0.156,0.157,0.196,0.203,0.06699,0.13601,0.457,0.589,0.366,0.368,0.407,0.351,0.383,0.335238806,0.6,0.871,8,0,2004,Indiana Pacers
0.444,12.9,0.755,0.283,0.141,0.133,0.198,0.245,0.058555,0.186445,0.475,0.603,0.431,0.363,0.398,0.349,0.376,0.340520368,0.531,0.815,12,0,2006,Indiana Pacers
0.438,11.9,0.802,0.269,0.219,0.127,0.187,0.198,0.054846,0.143154,0.455,0.584,0.404,0.382,0.379,0.368,0.363,0.369915629,0.455,0.855,12,1,2012,Indiana Pacers
0.436,12.7,0.755,0.271,0.19,0.116,0.178,0.245,0.061495,0.183505,0.465,0.612,0.399,0.375,0.371,0.347,0.364,0.341303071,0.513,0.847,23,0,2013,Indiana Pacers
0.448,11.3,0.836,0.273,0.226,0.152,0.184,0.164,0.02542,0.13858,0.469,0.637,0.41,0.353,0.391,0.339,0.364,0.334414201,0.505,0.847,4,0,2001,Los Angeles Clippers
0.475,14.3,0.671,0.275,0.118,0.081,0.197,0.329,0.065142,0.263858,0.525,0.661,0.419,0.423,0.439,0.375,0.423,0.363149626,0.494,0.786,17,2,2017,Los Angeles Clippers
0.457,12.1,0.77,0.307,0.199,0.081,0.183,0.23,0.05842,0.17158,0.493,0.664,0.393,0.369,0.368,0.338,0.319,0.344469169,0.548,0.864,18,0,2011,Los Angeles Clippers
0.459,11.4,0.895,0.298,0.151,0.156,0.29,0.105,0.03171,0.07329,0.473,0.59,0.449,0.397,0.405,0.345,0.411,0.316444126,0.632,0.861,13,0,2005,Los Angeles Clippers
0.438,12.9,0.833,0.261,0.128,0.153,0.291,0.167,0.025217,0.141783,0.46,0.592,0.428,0.387,0.395,0.324,0.362,0.317241461,0.571,0.917,16,2,2008,Los Angeles Clippers
0.441,12.2,0.774,0.336,0.119,0.102,0.218,0.226,0.04068,0.18532,0.467,0.582,0.4,0.347,0.382,0.354,0.426,0.338195122,0.525,0.847,30,3,2009,Los Angeles Clippers
0.474,13.8,0.709,0.267,0.137,0.097,0.208,0.291,0.083226,0.207774,0.525,0.707,0.408,0.422,0.415,0.352,0.401,0.332372549,0.568,0.847,11,1,2014,Los Angeles Clippers
0.437,11.1,0.818,0.317,0.194,0.137,0.17,0.182,0.027664,0.154336,0.46,0.591,0.403,0.334,0.382,0.331,0.341,0.329207547,0.517,0.867,19,0,2003,Los Angeles Clippers
0.456,12.2,0.857,0.252,0.157,0.194,0.255,0.143,0.025883,0.117117,0.474,0.619,0.454,0.406,0.394,0.348,0.38,0.340927961,0.572,0.933,16,0,2007,Los Angeles Clippers
0.478,13,0.735,0.281,0.17,0.089,0.195,0.265,0.08851,0.17649,0.522,0.677,0.46,0.432,0.392,0.358,0.381,0.346465465,0.556,0.877,9,0,2013,Los Angeles Clippers
0.455,13.7,0.731,0.256,0.159,0.083,0.234,0.269,0.077472,0.191528,0.49,0.663,0.408,0.403,0.389,0.357,0.357,0.357,0.5,0.823,10,0,2012,Los Angeles Clippers
0.428,11,0.844,0.341,0.155,0.13,0.218,0.156,0.02106,0.13494,0.448,0.574,0.398,0.341,0.351,0.321,0.312,0.322404624,0.55,0.866,11,0,2004,Los Angeles Clippers
0.471,11.8,0.686,0.347,0.164,0.083,0.091,0.314,0.068766,0.245234,0.525,0.659,0.378,0.424,0.378,0.354,0.338,0.358486556,0.502,0.726,15,1,2018,Los Angeles Clippers
0.473,14.5,0.678,0.241,0.119,0.096,0.217,0.322,0.085008,0.236992,0.519,0.682,0.406,0.436,0.434,0.376,0.394,0.369543478,0.563,0.82,11,0,2015,Los Angeles Clippers
0.465,14.2,0.676,0.239,0.129,0.093,0.215,0.324,0.073224,0.250776,0.513,0.675,0.438,0.425,0.417,0.364,0.405,0.352028424,0.526,0.799,14,0,2016,Los Angeles Clippers
0.465,11.9,0.869,0.248,0.174,0.206,0.242,0.131,0.028427,0.102573,0.483,0.593,0.467,0.469,0.392,0.344,0.393,0.330420179,0.537,0.886,14,0,2006,Los Angeles Clippers
0.445,11.3,0.828,0.261,0.23,0.184,0.153,0.172,0.019436,0.152564,0.464,0.632,0.404,0.38,0.369,0.356,0.408,0.349375423,0.523,0.919,9,0,2002,Los Angeles Clippers
0.455,12,0.779,0.341,0.113,0.117,0.208,0.221,0.049725,0.171275,0.49,0.602,0.458,0.362,0.394,0.332,0.366,0.322129032,0.563,0.814,19,0,2010,Los Angeles Clippers
0.437,12.7,0.727,0.329,0.118,0.092,0.188,0.273,0.06825,0.20475,0.467,0.562,0.411,0.377,0.382,0.355,0.352,0.356,0.491,0.88,29,0,2005,Los Angeles Lakers
0.474,11.9,0.783,0.32,0.148,0.119,0.196,0.217,0.059458,0.157542,0.505,0.616,0.44,0.443,0.41,0.361,0.366,0.359112948,0.522,0.854,14,0,2009,Los Angeles Lakers
0.45,13.5,0.709,0.247,0.177,0.116,0.169,0.291,0.069549,0.221451,0.478,0.64,0.407,0.392,0.375,0.381,0.405,0.373462549,0.569,0.854,6,0,2014,Los Angeles Lakers
0.457,12.1,0.773,0.311,0.15,0.121,0.191,0.227,0.052437,0.174563,0.492,0.597,0.436,0.426,0.406,0.341,0.382,0.328684005,0.497,0.812,18,1,2010,Los Angeles Lakers
0.454,11.5,0.833,0.326,0.143,0.126,0.238,0.167,0.039913,0.127087,0.479,0.632,0.392,0.369,0.379,0.327,0.322,0.328570302,0.608,0.901,16,1,2004,Los Angeles Lakers
0.465,11.9,0.809,0.285,0.186,0.137,0.201,0.191,0.03247,0.15853,0.494,0.671,0.382,0.402,0.407,0.344,0.378,0.337036145,0.565,0.866,12,0,2001,Los Angeles Lakers
0.435,13,0.78,0.263,0.151,0.131,0.232,0.22,0.04026,0.17974,0.461,0.651,0.35,0.376,0.366,0.344,0.396,0.332352509,0.527,0.726,7,0,2015,Los Angeles Lakers
0.453,12.8,0.76,0.304,0.121,0.106,0.229,0.24,0.04464,0.19536,0.486,0.6,0.439,0.396,0.4,0.349,0.38,0.341916462,0.515,0.864,13,0,2006,Los Angeles Lakers
0.461,12.4,0.671,0.321,0.168,0.086,0.096,0.329,0.052311,0.276689,0.517,0.67,0.39,0.354,0.378,0.345,0.372,0.339895363,0.492,0.865,17,0,2018,Los Angeles Lakers
0.457,12.5,0.791,0.258,0.212,0.117,0.205,0.209,0.059147,0.149853,0.491,0.671,0.4,0.397,0.414,0.326,0.346,0.318105997,0.575,0.82,9,1,2012,Los Angeles Lakers
0.463,12.7,0.78,0.256,0.206,0.118,0.199,0.22,0.06292,0.15708,0.494,0.666,0.428,0.441,0.373,0.352,0.411,0.328366947,0.527,0.819,22,1,2011,Los Angeles Lakers
0.466,12.4,0.741,0.326,0.122,0.096,0.196,0.259,0.059311,0.199689,0.505,0.611,0.429,0.428,0.415,0.353,0.392,0.341416342,0.537,0.837,14,0,2007,Los Angeles Lakers
0.461,12.3,0.79,0.28,0.167,0.137,0.206,0.21,0.05397,0.15603,0.489,0.657,0.414,0.403,0.379,0.354,0.419,0.331516824,0.539,0.902,15,1,2002,Los Angeles Lakers
0.458,13.3,0.697,0.281,0.17,0.089,0.158,0.303,0.077871,0.225129,0.503,0.649,0.396,0.424,0.402,0.355,0.375,0.3480821,0.518,0.859,19,0,2013,Los Angeles Lakers
0.476,12.6,0.743,0.328,0.109,0.093,0.213,0.257,0.07196,0.18504,0.51,0.632,0.427,0.389,0.417,0.378,0.422,0.360888889,0.554,0.863,13,0,2008,Los Angeles Lakers
0.45,12.6,0.705,0.299,0.187,0.103,0.118,0.295,0.064015,0.230985,0.493,0.633,0.397,0.379,0.39,0.346,0.368,0.339902937,0.462,0.771,16,1,2017,Los Angeles Lakers
0.451,12.2,0.801,0.283,0.158,0.133,0.225,0.199,0.048158,0.150842,0.475,0.641,0.385,0.352,0.402,0.356,0.344,0.359831135,0.571,0.862,11,0,2003,Los Angeles Lakers
0.414,13,0.71,0.255,0.163,0.125,0.168,0.29,0.05568,0.23432,0.454,0.59,0.403,0.369,0.358,0.317,0.33,0.313910891,0.45,0.734,20,0,2016,Los Angeles Lakers
0.447,11.4,0.763,0.354,0.145,0.089,0.176,0.237,0.07347,0.16353,0.475,0.578,0.388,0.369,0.39,0.357,0.369,0.351608696,0.546,0.896,15,0,2005,Memphis Grizzlies
0.452,11.9,0.81,0.287,0.173,0.132,0.218,0.19,0.04902,0.14098,0.473,0.614,0.404,0.377,0.399,0.365,0.421,0.345528302,0.584,0.822,13,0,2003,Memphis Grizzlies
0.444,11.5,0.834,0.304,0.196,0.125,0.21,0.166,0.047642,0.118358,0.463,0.583,0.383,0.405,0.4,0.345,0.396,0.324471248,0.533,0.885,12,0,2013,Memphis Grizzlies
0.444,12.8,0.683,0.312,0.139,0.1,0.132,0.317,0.059913,0.257087,0.486,0.62,0.352,0.372,0.398,0.352,0.35,0.352466091,0.51,0.815,26,0,2018,Memphis Grizzlies
0.454,12.4,0.736,0.324,0.142,0.093,0.178,0.264,0.052008,0.211992,0.492,0.61,0.424,0.362,0.399,0.349,0.389,0.3391868,0.42,0.887,29,0,2008,Memphis Grizzlies
0.435,13.5,0.684,0.288,0.158,0.092,0.144,0.316,0.060672,0.255328,0.473,0.58,0.416,0.385,0.38,0.354,0.409,0.340930693,0.504,0.811,31,0,2017,Memphis Grizzlies
0.436,11.6,0.832,0.288,0.176,0.135,0.233,0.168,0.03612,0.13188,0.462,0.622,0.362,0.37,0.394,0.307,0.352,0.294675159,0.613,0.723,11,0,2002,Memphis Grizzlies
0.454,11.4,0.825,0.332,0.164,0.102,0.227,0.175,0.0441,0.1309,0.474,0.573,0.405,0.398,0.414,0.36,0.394,0.348545455,0.433,0.892,13,0,2009,Memphis Grizzlies
0.448,12,0.742,0.328,0.145,0.092,0.178,0.258,0.078432,0.179568,0.474,0.603,0.372,0.335,0.392,0.374,0.386,0.368758621,0.494,0.885,8,0,2006,Memphis Grizzlies
0.471,10.8,0.864,0.309,0.244,0.107,0.204,0.136,0.036312,0.099688,0.492,0.66,0.407,0.398,0.388,0.334,0.389,0.313965894,0.488,0.906,25,0,2011,Memphis Grizzlies
0.465,11.7,0.789,0.343,0.139,0.1,0.207,0.211,0.034393,0.176607,0.491,0.595,0.425,0.394,0.41,0.367,0.446,0.351615293,0.505,0.836,17,0,2007,Memphis Grizzlies
0.44,11.4,0.778,0.313,0.19,0.103,0.172,0.222,0.059274,0.162726,0.471,0.583,0.389,0.416,0.392,0.331,0.323,0.333914052,0.502,0.859,21,2,2016,Memphis Grizzlies
0.464,11.3,0.829,0.301,0.223,0.115,0.191,0.171,0.04788,0.12312,0.487,0.631,0.411,0.42,0.391,0.353,0.368,0.347166667,0.526,0.894,17,1,2014,Memphis Grizzlies
0.469,10.5,0.852,0.37,0.168,0.11,0.203,0.148,0.033004,0.114996,0.492,0.605,0.432,0.383,0.395,0.337,0.419,0.313465894,0.433,0.86,25,2,2010,Memphis Grizzlies
0.447,11.7,0.843,0.298,0.192,0.134,0.219,0.157,0.035482,0.121518,0.47,0.628,0.386,0.384,0.381,0.326,0.37,0.313152455,0.491,0.852,20,1,2012,Memphis Grizzlies
0.458,11.5,0.816,0.305,0.202,0.13,0.179,0.184,0.048208,0.135792,0.485,0.625,0.404,0.419,0.386,0.339,0.383,0.323379404,0.528,0.865,22,2,2015,Memphis Grizzlies
0.445,11.1,0.803,0.342,0.17,0.101,0.19,0.197,0.054569,0.142431,0.471,0.596,0.393,0.346,0.381,0.34,0.33,0.343831259,0.609,0.857,20,2,2004,Memphis Grizzlies
0.455,13.2,0.642,0.279,0.163,0.095,0.104,0.358,0.091648,0.266352,0.508,0.658,0.416,0.383,0.367,0.36,0.388,0.350365591,0.457,0.908,18,0,2018,Miami Heat
0.43,13,0.779,0.25,0.149,0.146,0.233,0.221,0.04641,0.17459,0.455,0.582,0.376,0.389,0.409,0.345,0.379,0.335962025,0.56,0.812,14,0,2001,Miami Heat
0.455,13,0.686,0.29,0.169,0.094,0.131,0.314,0.094514,0.219486,0.496,0.63,0.412,0.387,0.389,0.365,0.4,0.349928469,0.427,0.89,14,0,2017,Miami Heat
0.47,11.6,0.779,0.303,0.166,0.128,0.182,0.221,0.082212,0.138788,0.508,0.663,0.422,0.407,0.401,0.336,0.358,0.322968153,0.47,0.928,15,1,2016,Miami Heat
0.456,12.8,0.738,0.294,0.141,0.118,0.184,0.262,0.083316,0.178684,0.499,0.629,0.438,0.425,0.386,0.335,0.375,0.316348974,0.481,0.905,17,1,2015,Miami Heat
0.443,13.4,0.783,0.268,0.115,0.107,0.294,0.217,0.047957,0.169043,0.467,0.614,0.391,0.37,0.397,0.358,0.403,0.345233633,0.534,0.829,11,0,2008,Miami Heat
0.412,12.9,0.831,0.251,0.127,0.154,0.299,0.169,0.046982,0.122018,0.432,0.561,0.391,0.362,0.378,0.316,0.359,0.299443213,0.519,0.825,20,0,2003,Miami Heat
0.458,13,0.781,0.272,0.114,0.14,0.256,0.219,0.058254,0.160746,0.489,0.641,0.445,0.393,0.399,0.346,0.389,0.330416894,0.461,0.81,12,0,2010,Miami Heat
0.464,12.4,0.755,0.304,0.147,0.094,0.211,0.245,0.064435,0.180565,0.503,0.642,0.432,0.393,0.402,0.343,0.366,0.334792402,0.514,0.856,12,0,2007,Miami Heat
0.457,13.3,0.755,0.275,0.119,0.114,0.247,0.245,0.07056,0.17444,0.489,0.619,0.423,0.412,0.411,0.357,0.364,0.354168539,0.485,0.826,22,0,2009,Miami Heat
0.425,12.3,0.789,0.297,0.143,0.117,0.231,0.211,0.048108,0.162892,0.443,0.562,0.394,0.323,0.382,0.357,0.427,0.336326425,0.505,0.889,19,0,2004,Miami Heat
0.496,13.2,0.715,0.297,0.127,0.099,0.192,0.285,0.10944,0.17556,0.536,0.704,0.401,0.387,0.441,0.396,0.433,0.372935065,0.522,0.866,6,0,2013,Miami Heat
0.486,11.5,0.802,0.336,0.137,0.111,0.218,0.198,0.05049,0.14751,0.513,0.652,0.423,0.376,0.427,0.377,0.374,0.378026846,0.528,0.855,7,1,2005,Miami Heat
0.481,13.7,0.765,0.242,0.155,0.102,0.267,0.235,0.076845,0.158155,0.515,0.695,0.458,0.403,0.428,0.37,0.435,0.338417533,0.479,0.819,11,1,2011,Miami Heat
0.469,12.1,0.802,0.309,0.157,0.119,0.218,0.198,0.06534,0.13266,0.496,0.65,0.397,0.442,0.381,0.359,0.365,0.356044776,0.485,0.841,5,1,2012,Miami Heat
0.439,12.9,0.859,0.238,0.134,0.164,0.323,0.141,0.043005,0.097995,0.454,0.638,0.389,0.37,0.388,0.347,0.416,0.316719424,0.556,0.894,19,1,2002,Miami Heat
0.478,11.4,0.773,0.34,0.162,0.094,0.177,0.227,0.064468,0.162532,0.517,0.669,0.406,0.36,0.411,0.345,0.401,0.322787709,0.485,0.924,16,1,2006,Miami Heat
0.501,12.8,0.708,0.33,0.127,0.084,0.168,0.292,0.108624,0.183376,0.558,0.697,0.467,0.433,0.413,0.364,0.429,0.325496815,0.509,0.88,5,1,2014,Miami Heat
0.478,12.4,0.703,0.31,0.152,0.114,0.127,0.297,0.078111,0.218889,0.531,0.685,0.373,0.463,0.406,0.355,0.405,0.337157395,0.501,0.883,12,0,2018,Milwaukee Bucks
0.457,12.6,0.771,0.267,0.136,0.191,0.177,0.229,0.059311,0.169689,0.478,0.599,0.406,0.431,0.403,0.383,0.352,0.393835358,0.527,0.899,13,0,2003,Milwaukee Bucks
0.443,12.4,0.776,0.308,0.146,0.12,0.202,0.224,0.054208,0.169792,0.471,0.61,0.354,0.393,0.39,0.345,0.366,0.338295515,0.578,0.817,8,0,2012,Milwaukee Bucks
0.438,12.1,0.769,0.314,0.168,0.106,0.182,0.231,0.042042,0.188958,0.464,0.584,0.365,0.389,0.392,0.353,0.375,0.348105134,0.547,0.812,5,0,2014,Milwaukee Bucks
0.465,11.4,0.781,0.36,0.124,0.113,0.183,0.219,0.05694,0.16206,0.495,0.6,0.43,0.419,0.381,0.356,0.376,0.348972973,0.512,0.844,5,0,2007,Milwaukee Bucks
0.436,13,0.741,0.288,0.13,0.114,0.209,0.259,0.073815,0.185185,0.464,0.56,0.411,0.375,0.413,0.356,0.398,0.339258741,0.495,0.851,9,1,2010,Milwaukee Bucks
0.45,11.1,0.859,0.331,0.128,0.177,0.224,0.141,0.037506,0.103494,0.467,0.558,0.395,0.412,0.416,0.351,0.37,0.344114441,0.543,0.88,8,0,2005,Milwaukee Bucks
0.459,11.9,0.777,0.337,0.137,0.111,0.193,0.223,0.070468,0.152532,0.486,0.609,0.352,0.437,0.394,0.363,0.403,0.344520468,0.57,0.89,4,0,2015,Milwaukee Bucks
0.474,11.8,0.71,0.351,0.174,0.077,0.108,0.29,0.08004,0.20996,0.516,0.644,0.402,0.377,0.387,0.37,0.387,0.363519337,0.534,0.928,12,0,2017,Milwaukee Bucks
0.43,12.8,0.784,0.268,0.165,0.123,0.227,0.216,0.064584,0.151416,0.454,0.585,0.372,0.381,0.4,0.342,0.395,0.319393723,0.48,0.882,11,0,2011,Milwaukee Bucks
0.435,12.2,0.768,0.32,0.143,0.122,0.183,0.232,0.054288,0.177712,0.457,0.589,0.331,0.391,0.369,0.36,0.384,0.352668407,0.548,0.817,9,0,2013,Milwaukee Bucks
0.453,11.4,0.797,0.339,0.134,0.132,0.192,0.203,0.059885,0.143115,0.472,0.575,0.39,0.395,0.4,0.38,0.401,0.371212766,0.536,0.878,2,0,2006,Milwaukee Bucks
0.449,11.6,0.805,0.33,0.149,0.117,0.21,0.195,0.0507,0.1443,0.474,0.561,0.411,0.381,0.433,0.344,0.411,0.320459459,0.535,0.847,11,0,2008,Milwaukee Bucks
0.447,11.2,0.828,0.32,0.152,0.176,0.179,0.172,0.044892,0.127108,0.467,0.578,0.424,0.384,0.385,0.35,0.328,0.357769959,0.588,0.903,9,0,2004,Milwaukee Bucks
0.43,13.2,0.782,0.224,0.121,0.258,0.179,0.218,0.059732,0.158268,0.48,0.596,0.413,0.454,0.415,0.379,0.411,0.366922865,0.529,0.879,15,3,2001,Milwaukee Bucks
0.462,13.1,0.759,0.237,0.126,0.236,0.16,0.241,0.064588,0.176412,0.49,0.571,0.466,0.466,0.425,0.375,0.399,0.366213115,0.55,0.841,18,0,2002,Milwaukee Bucks
0.445,12.4,0.792,0.305,0.118,0.125,0.243,0.208,0.063232,0.144768,0.467,0.568,0.437,0.384,0.398,0.363,0.4,0.34683908,0.539,0.892,8,1,2009,Milwaukee Bucks
0.467,10.1,0.811,0.365,0.19,0.106,0.149,0.189,0.053109,0.135891,0.495,0.617,0.402,0.397,0.387,0.345,0.354,0.341482615,0.555,0.895,14,0,2016,Milwaukee Bucks
0.476,12.3,0.739,0.264,0.196,0.129,0.15,0.261,0.058986,0.202014,0.519,0.69,0.433,0.432,0.403,0.357,0.403,0.343568475,0.487,0.825,12,0,2018,Minnesota Timberwolves
0.449,11.5,0.829,0.308,0.166,0.146,0.21,0.171,0.038304,0.132696,0.471,0.606,0.412,0.39,0.374,0.341,0.358,0.336092784,0.475,0.846,21,2,2010,Minnesota Timberwolves
0.456,12.5,0.851,0.285,0.118,0.145,0.304,0.149,0.029353,0.119647,0.478,0.601,0.441,0.406,0.41,0.329,0.414,0.308146949,0.57,0.797,19,0,2006,Minnesota Timberwolves
0.467,12.4,0.751,0.304,0.164,0.097,0.186,0.249,0.066483,0.182517,0.507,0.645,0.437,0.392,0.402,0.349,0.393,0.332972715,0.535,0.884,11,0,2017,Minnesota Timberwolves
0.461,12.8,0.833,0.267,0.127,0.133,0.305,0.167,0.043253,0.123747,0.483,0.608,0.426,0.432,0.419,0.353,0.369,0.347407557,0.576,0.896,24,1,2007,Minnesota Timberwolves
0.444,12.1,0.755,0.334,0.157,0.091,0.174,0.245,0.05488,0.19012,0.478,0.619,0.386,0.348,0.358,0.341,0.332,0.343597938,0.564,0.838,14,1,2014,Minnesota Timberwolves
0.438,12,0.821,0.284,0.176,0.122,0.234,0.179,0.038843,0.140157,0.461,0.624,0.36,0.408,0.367,0.332,0.368,0.322022989,0.557,0.825,12,0,2015,Minnesota Timberwolves
0.466,12.3,0.882,0.249,0.15,0.156,0.327,0.118,0.028202,0.089798,0.479,0.622,0.435,0.42,0.418,0.368,0.37,0.367371879,0.632,0.851,7,1,2003,Minnesota Timberwolves
0.451,11.6,0.815,0.306,0.181,0.122,0.206,0.185,0.035335,0.149665,0.474,0.589,0.43,0.379,0.399,0.35,0.358,0.348111248,0.474,0.862,27,0,2008,Minnesota Timberwolves
0.459,13.2,0.827,0.225,0.138,0.18,0.285,0.173,0.036503,0.136497,0.483,0.618,0.435,0.426,0.436,0.345,0.388,0.333500634,0.593,0.876,13,0,2005,Minnesota Timberwolves
0.439,12.3,0.78,0.331,0.139,0.083,0.227,0.22,0.04972,0.17028,0.477,0.613,0.328,0.415,0.393,0.305,0.345,0.293320413,0.592,0.798,10,0,2013,Minnesota Timberwolves
0.461,12.4,0.848,0.236,0.175,0.151,0.286,0.152,0.032072,0.119928,0.476,0.629,0.42,0.426,0.409,0.378,0.398,0.372651458,0.604,0.793,9,0,2002,Minnesota Timberwolves
0.441,11.9,0.773,0.332,0.137,0.107,0.196,0.227,0.066284,0.160716,0.467,0.571,0.4,0.365,0.395,0.353,0.411,0.329079096,0.491,0.875,18,0,2009,Minnesota Timberwolves
0.462,13,0.863,0.206,0.147,0.21,0.301,0.137,0.035483,0.101517,0.477,0.62,0.44,0.431,0.429,0.363,0.397,0.351116059,0.591,0.89,13,0,2004,Minnesota Timberwolves
0.458,12.5,0.869,0.236,0.164,0.155,0.315,0.131,0.034322,0.096678,0.473,0.628,0.387,0.403,0.438,0.357,0.398,0.342444444,0.637,0.882,9,0,2001,Minnesota Timberwolves
0.441,12.7,0.777,0.241,0.233,0.099,0.204,0.223,0.045492,0.177508,0.459,0.611,0.387,0.391,0.395,0.376,0.458,0.354984925,0.476,0.779,27,1,2011,Minnesota Timberwolves
0.433,12.7,0.738,0.31,0.157,0.086,0.186,0.262,0.067072,0.194928,0.469,0.62,0.342,0.335,0.388,0.332,0.36,0.322365591,0.474,0.841,9,0,2012,Minnesota Timberwolves
0.464,11.9,0.798,0.298,0.16,0.101,0.239,0.202,0.042016,0.159984,0.496,0.661,0.41,0.372,0.4,0.338,0.386,0.325393939,0.578,0.855,8,0,2016,Minnesota Timberwolves
0.441,11.9,0.824,0.332,0.111,0.113,0.268,0.176,0.03256,0.14344,0.464,0.609,0.342,0.357,0.381,0.336,0.409,0.319429448,0.687,0.889,16,2,2004,Brooklyn Nets
0.443,12.4,0.778,0.347,0.085,0.09,0.256,0.222,0.057498,0.164502,0.47,0.563,0.365,0.402,0.403,0.348,0.424,0.321435897,0.632,0.873,23,0,2008,Brooklyn Nets
0.429,11.4,0.819,0.346,0.126,0.119,0.229,0.181,0.057558,0.123442,0.454,0.568,0.379,0.365,0.368,0.318,0.361,0.297950147,0.496,0.881,14,3,2010,Brooklyn Nets
0.441,11.3,0.842,0.34,0.133,0.112,0.258,0.158,0.03002,0.12798,0.462,0.603,0.371,0.362,0.366,0.332,0.389,0.31862963,0.617,0.89,11,0,2003,Brooklyn Nets
0.448,12.8,0.735,0.33,0.088,0.102,0.215,0.265,0.081355,0.183645,0.473,0.578,0.416,0.375,0.383,0.376,0.451,0.342774892,0.478,0.842,9,0,2009,Brooklyn Nets
0.446,11.6,0.825,0.327,0.135,0.133,0.23,0.175,0.033775,0.141225,0.469,0.61,0.382,0.361,0.383,0.338,0.364,0.331781908,0.62,0.876,18,0,2002,Brooklyn Nets
0.429,12.9,0.813,0.276,0.118,0.119,0.299,0.187,0.052173,0.134827,0.444,0.538,0.402,0.365,0.407,0.362,0.39,0.351165049,0.597,0.89,12,0,2005,Brooklyn Nets
0.457,12.8,0.737,0.332,0.089,0.077,0.24,0.263,0.071799,0.191201,0.49,0.585,0.422,0.396,0.413,0.363,0.393,0.351734525,0.609,0.916,11,0,2007,Brooklyn Nets
0.425,13.8,0.722,0.255,0.134,0.126,0.207,0.278,0.074226,0.203774,0.457,0.57,0.414,0.396,0.384,0.342,0.347,0.340178718,0.519,0.789,8,1,2012,Brooklyn Nets
0.44,12.8,0.799,0.236,0.213,0.123,0.227,0.201,0.054672,0.146328,0.464,0.606,0.422,0.384,0.398,0.343,0.353,0.339263736,0.55,0.808,18,1,2011,Brooklyn Nets
0.425,11.6,0.835,0.322,0.137,0.132,0.243,0.165,0.032835,0.132165,0.443,0.579,0.366,0.315,0.374,0.333,0.333,0.333,0.543,0.798,11,1,2001,Brooklyn Nets
0.44,12.9,0.771,0.299,0.114,0.102,0.257,0.229,0.061601,0.167399,0.472,0.569,0.393,0.36,0.44,0.33,0.373,0.314176471,0.634,0.893,16,1,2006,Brooklyn Nets
0.42,12.8,0.748,0.294,0.115,0.131,0.209,0.252,0.058464,0.193536,0.454,0.568,0.363,0.377,0.391,0.319,0.331,0.315375,0.591,0.738,12,1,2004,New Orleans Pelicans
0.457,12.8,0.76,0.276,0.134,0.137,0.213,0.24,0.0792,0.1608,0.487,0.613,0.451,0.387,0.41,0.364,0.414,0.339373134,0.471,0.899,9,0,2009,New Orleans Pelicans
0.459,12.8,0.808,0.223,0.213,0.136,0.237,0.192,0.061824,0.130176,0.482,0.657,0.401,0.402,0.436,0.36,0.37,0.355250737,0.523,0.863,13,2,2011,New Orleans Pelicans
0.466,12.8,0.761,0.284,0.137,0.113,0.227,0.239,0.069071,0.169929,0.49,0.617,0.427,0.4,0.413,0.389,0.439,0.368676512,0.484,0.887,7,1,2008,New Orleans Pelicans
0.448,12.1,0.776,0.298,0.208,0.095,0.175,0.224,0.039424,0.184576,0.473,0.614,0.379,0.371,0.402,0.363,0.382,0.358941748,0.521,0.858,16,0,2013,New Orleans Pelicans
0.415,12.6,0.799,0.304,0.096,0.122,0.277,0.201,0.045627,0.155373,0.44,0.537,0.374,0.382,0.381,0.315,0.331,0.310301423,0.601,0.822,9,0,2005,New Orleans Pelicans
0.451,11.8,0.848,0.267,0.207,0.149,0.225,0.152,0.040432,0.111568,0.472,0.625,0.39,0.408,0.407,0.333,0.372,0.318866485,0.564,0.834,4,0,2012,New Orleans Pelicans
0.435,12,0.839,0.278,0.132,0.187,0.241,0.161,0.040411,0.120589,0.447,0.563,0.392,0.402,0.377,0.376,0.43,0.357903872,0.582,0.854,6,0,2003,New Orleans Pelicans
0.464,12.3,0.77,0.318,0.121,0.127,0.204,0.23,0.04669,0.18331,0.495,0.606,0.432,0.4,0.418,0.363,0.423,0.347717691,0.52,0.828,10,0,2010,New Orleans Pelicans
0.483,12.5,0.681,0.295,0.179,0.099,0.109,0.319,0.074327,0.244673,0.54,0.667,0.475,0.441,0.396,0.362,0.399,0.350760104,0.549,0.876,14,0,2018,New Orleans Pelicans
0.45,13.3,0.692,0.279,0.17,0.094,0.149,0.308,0.067452,0.240548,0.495,0.627,0.417,0.427,0.38,0.35,0.373,0.343550576,0.503,0.833,11,0,2017,New Orleans Pelicans
0.459,11.5,0.807,0.332,0.183,0.107,0.184,0.193,0.044583,0.148417,0.479,0.598,0.37,0.419,0.409,0.373,0.382,0.370296489,0.506,0.866,20,0,2014,New Orleans Pelicans
0.457,11.9,0.767,0.347,0.152,0.098,0.169,0.233,0.055687,0.177313,0.484,0.592,0.385,0.406,0.398,0.37,0.412,0.356809461,0.513,0.875,17,0,2015,New Orleans Pelicans
0.448,12.5,0.723,0.304,0.144,0.101,0.174,0.277,0.063433,0.213567,0.482,0.597,0.38,0.385,0.419,0.36,0.332,0.368316472,0.51,0.808,12,1,2016,New Orleans Pelicans
0.44,11.2,0.862,0.324,0.133,0.139,0.267,0.138,0.032292,0.105708,0.457,0.572,0.364,0.363,0.411,0.339,0.386,0.324642298,0.497,0.873,8,0,2006,New Orleans Pelicans
0.445,11.5,0.812,0.307,0.17,0.119,0.216,0.188,0.040796,0.147204,0.464,0.602,0.404,0.344,0.382,0.362,0.388,0.354794381,0.456,0.855,8,0,2007,New Orleans Pelicans
0.439,11.5,0.785,0.353,0.137,0.101,0.194,0.215,0.053535,0.161465,0.467,0.554,0.406,0.365,0.406,0.337,0.362,0.328711052,0.461,0.792,21,1,2008,New York Knicks
0.441,13.5,0.765,0.21,0.145,0.188,0.222,0.235,0.061805,0.173195,0.459,0.554,0.437,0.436,0.403,0.383,0.425,0.368012212,0.555,0.807,12,0,2003,New York Knicks
0.449,14.4,0.698,0.252,0.112,0.111,0.222,0.302,0.062514,0.239486,0.482,0.628,0.355,0.412,0.417,0.372,0.394,0.366257251,0.45,0.818,21,0,2014,New York Knicks
0.428,13.7,0.76,0.239,0.146,0.125,0.246,0.24,0.04488,0.19512,0.454,0.588,0.363,0.397,0.41,0.347,0.351,0.346079951,0.55,0.836,16,1,2015,New York Knicks
0.448,14.6,0.646,0.28,0.096,0.083,0.188,0.354,0.083544,0.270456,0.487,0.613,0.372,0.38,0.407,0.376,0.377,0.375691099,0.398,0.833,30,2,2013,New York Knicks
0.457,10.8,0.784,0.389,0.142,0.073,0.18,0.216,0.056376,0.159624,0.487,0.6,0.411,0.328,0.368,0.346,0.364,0.33964276,0.475,0.797,17,0,2007,New York Knicks
0.439,13,0.744,0.245,0.154,0.143,0.201,0.256,0.059136,0.196864,0.471,0.585,0.425,0.407,0.412,0.346,0.405,0.328276983,0.477,0.869,13,0,2016,New York Knicks
0.464,12.7,0.734,0.278,0.156,0.14,0.159,0.266,0.051604,0.214396,0.504,0.656,0.398,0.442,0.399,0.352,0.406,0.339002481,0.499,0.869,20,0,2018,New York Knicks
0.457,13.5,0.697,0.265,0.166,0.086,0.179,0.303,0.08181,0.22119,0.496,0.665,0.377,0.382,0.411,0.368,0.424,0.347287671,0.475,0.821,12,0,2011,New York Knicks
0.432,12.5,0.794,0.246,0.159,0.19,0.198,0.206,0.055826,0.150174,0.453,0.556,0.419,0.403,0.399,0.353,0.354,0.352628258,0.566,0.829,5,1,2002,New York Knicks
0.442,12.2,0.829,0.259,0.156,0.177,0.237,0.171,0.046341,0.124659,0.459,0.568,0.419,0.418,0.395,0.364,0.384,0.356565158,0.548,0.835,12,0,2004,New York Knicks
0.455,13.4,0.688,0.327,0.087,0.071,0.203,0.312,0.063648,0.248352,0.504,0.614,0.399,0.414,0.403,0.346,0.377,0.338055276,0.479,0.849,13,1,2010,New York Knicks
0.447,13.2,0.721,0.291,0.126,0.132,0.172,0.279,0.063891,0.215109,0.485,0.591,0.381,0.44,0.419,0.348,0.425,0.325129702,0.469,0.845,23,0,2017,New York Knicks
0.451,12.1,0.812,0.3,0.14,0.122,0.251,0.188,0.049068,0.138932,0.473,0.586,0.396,0.419,0.407,0.356,0.395,0.342225981,0.515,0.812,16,0,2005,New York Knicks
0.444,11.9,0.82,0.27,0.163,0.184,0.203,0.18,0.04086,0.13914,0.465,0.594,0.395,0.388,0.42,0.351,0.415,0.332205692,0.506,0.826,9,0,2001,New York Knicks
0.445,12.8,0.678,0.349,0.091,0.084,0.154,0.322,0.076958,0.245042,0.486,0.576,0.412,0.364,0.391,0.36,0.382,0.35309067,0.447,0.843,19,0,2009,New York Knicks
0.443,13,0.712,0.316,0.13,0.085,0.181,0.288,0.07056,0.21744,0.487,0.648,0.317,0.371,0.381,0.336,0.35,0.331456954,0.477,0.865,12,0,2012,New York Knicks
0.455,10,0.858,0.383,0.161,0.108,0.205,0.142,0.054102,0.087898,0.47,0.573,0.391,0.361,0.397,0.362,0.395,0.341688207,0.479,0.844,15,0,2006,New York Knicks
0.447,12.4,0.738,0.302,0.158,0.113,0.165,0.262,0.064714,0.197286,0.486,0.616,0.384,0.437,0.377,0.339,0.373,0.327847278,0.461,0.797,12,0,2015,Oklahoma City Thunder
0.476,11.9,0.725,0.33,0.126,0.122,0.146,0.275,0.080025,0.194975,0.524,0.626,0.438,0.478,0.41,0.349,0.357,0.345716502,0.508,0.758,6,0,2016,Oklahoma City Thunder
0.464,12.5,0.788,0.284,0.159,0.126,0.218,0.212,0.039644,0.172356,0.495,0.686,0.354,0.404,0.403,0.347,0.354,0.345389914,0.488,0.848,11,0,2011,Oklahoma City Thunder
0.471,13,0.729,0.282,0.149,0.131,0.167,0.271,0.064769,0.206231,0.512,0.668,0.391,0.434,0.418,0.361,0.353,0.363512484,0.521,0.715,17,0,2014,Oklahoma City Thunder
0.462,11.5,0.815,0.332,0.125,0.135,0.223,0.185,0.04292,0.14208,0.49,0.612,0.43,0.406,0.393,0.34,0.333,0.342114583,0.48,0.883,7,0,2010,Oklahoma City Thunder
0.453,13.2,0.655,0.315,0.096,0.105,0.138,0.345,0.082455,0.262545,0.505,0.639,0.367,0.404,0.375,0.354,0.372,0.348346912,0.426,0.831,21,0,2018,Oklahoma City Thunder
0.471,12.6,0.748,0.294,0.148,0.13,0.175,0.252,0.046116,0.205884,0.509,0.671,0.378,0.389,0.436,0.358,0.411,0.346128519,0.419,0.828,9,0,2012,Oklahoma City Thunder
0.452,12.1,0.705,0.346,0.146,0.104,0.109,0.295,0.07434,0.22066,0.504,0.614,0.418,0.391,0.379,0.327,0.345,0.320935829,0.466,0.773,19,2,2017,Oklahoma City Thunder
0.481,12.6,0.756,0.294,0.146,0.13,0.186,0.244,0.061488,0.182512,0.514,0.677,0.389,0.437,0.409,0.377,0.44,0.355775401,0.492,0.851,13,1,2013,Oklahoma City Thunder
0.447,11,0.859,0.338,0.134,0.138,0.248,0.141,0.030597,0.110403,0.463,0.606,0.358,0.388,0.368,0.346,0.345,0.346277139,0.515,0.878,12,0,2009,Oklahoma City Thunder
0.472,10.8,0.842,0.361,0.15,0.106,0.225,0.158,0.045978,0.112022,0.494,0.631,0.415,0.36,0.391,0.356,0.382,0.345328632,0.483,0.883,6,0,2007,Orlando Magic
0.47,13.7,0.65,0.301,0.123,0.082,0.144,0.35,0.0987,0.2513,0.521,0.63,0.468,0.408,0.405,0.375,0.421,0.356933148,0.421,0.837,23,0,2010,Orlando Magic
0.44,13.5,0.7,0.266,0.168,0.109,0.157,0.3,0.0546,0.2454,0.488,0.616,0.427,0.413,0.39,0.328,0.297,0.334897311,0.495,0.874,25,0,2017,Orlando Magic
0.448,12.9,0.759,0.294,0.113,0.109,0.242,0.241,0.046272,0.194728,0.471,0.61,0.377,0.369,0.394,0.373,0.417,0.362544554,0.519,0.845,7,0,2002,Orlando Magic
0.457,13.6,0.665,0.282,0.127,0.101,0.155,0.335,0.101505,0.233495,0.495,0.623,0.405,0.424,0.381,0.381,0.395,0.374913917,0.417,0.871,11,0,2009,Orlando Magic
0.441,13.9,0.654,0.286,0.153,0.063,0.152,0.346,0.074736,0.271264,0.475,0.636,0.371,0.33,0.338,0.375,0.42,0.362602041,0.474,0.836,8,0,2012,Orlando Magic
0.474,12.8,0.678,0.325,0.126,0.096,0.132,0.322,0.107548,0.214452,0.516,0.635,0.414,0.405,0.401,0.386,0.413,0.372459459,0.446,0.873,18,0,2008,Orlando Magic
0.429,12.8,0.816,0.26,0.138,0.145,0.273,0.184,0.03496,0.14904,0.448,0.551,0.402,0.395,0.403,0.344,0.376,0.336493827,0.504,0.786,4,0,2004,Orlando Magic
0.448,12.6,0.777,0.289,0.166,0.116,0.206,0.223,0.050844,0.172156,0.482,0.622,0.425,0.394,0.382,0.329,0.371,0.316595855,0.563,0.82,6,0,2013,Orlando Magic
0.461,14.1,0.672,0.253,0.158,0.096,0.164,0.328,0.079704,0.248296,0.507,0.671,0.405,0.411,0.411,0.366,0.367,0.365678996,0.454,0.835,18,1,2011,Orlando Magic
0.436,13.5,0.765,0.292,0.08,0.098,0.295,0.235,0.04418,0.19082,0.46,0.557,0.381,0.388,0.408,0.357,0.341,0.360704433,0.515,0.792,9,0,2003,Orlando Magic
0.453,12,0.765,0.315,0.184,0.094,0.172,0.235,0.0611,0.1739,0.486,0.613,0.385,0.384,0.416,0.347,0.373,0.337864865,0.48,0.868,11,0,2015,Orlando Magic
0.454,11.6,0.863,0.327,0.106,0.154,0.276,0.137,0.027948,0.109052,0.471,0.597,0.373,0.399,0.4,0.349,0.385,0.339773869,0.487,0.813,7,0,2005,Orlando Magic
0.455,12.5,0.745,0.296,0.15,0.093,0.206,0.255,0.061455,0.193545,0.492,0.609,0.422,0.409,0.409,0.35,0.37,0.343649539,0.528,0.873,21,0,2016,Orlando Magic
0.438,12.6,0.804,0.29,0.117,0.137,0.26,0.196,0.031164,0.164836,0.456,0.584,0.368,0.361,0.404,0.364,0.388,0.359462545,0.548,0.859,14,0,2001,Orlando Magic
0.452,13.3,0.658,0.259,0.18,0.108,0.112,0.342,0.060876,0.281124,0.504,0.688,0.398,0.347,0.403,0.351,0.374,0.346019465,0.515,0.851,8,0,2018,Orlando Magic
0.445,13.1,0.765,0.277,0.152,0.103,0.232,0.235,0.06674,0.16826,0.474,0.601,0.385,0.434,0.399,0.353,0.359,0.350620112,0.523,0.783,14,0,2014,Orlando Magic
0.472,10.9,0.871,0.358,0.125,0.13,0.258,0.129,0.025542,0.103458,0.486,0.599,0.385,0.398,0.424,0.376,0.449,0.357977556,0.474,0.863,12,0,2006,Orlando Magic
0.448,12.5,0.825,0.232,0.182,0.187,0.225,0.175,0.0364,0.1386,0.466,0.642,0.395,0.405,0.393,0.362,0.325,0.371717172,0.553,0.799,5,0,2012,Philadelphia 76ers
0.448,10.1,0.881,0.367,0.144,0.169,0.202,0.119,0.033677,0.085323,0.466,0.58,0.407,0.352,0.398,0.311,0.345,0.297580195,0.567,0.91,6,1,2003,Philadelphia 76ers
0.458,11.4,0.872,0.321,0.117,0.171,0.262,0.128,0.027264,0.100736,0.474,0.616,0.381,0.373,0.408,0.345,0.394,0.331738247,0.535,0.887,16,0,2007,Philadelphia 76ers
0.431,12.4,0.673,0.311,0.166,0.096,0.099,0.327,0.076518,0.250482,0.476,0.628,0.341,0.361,0.338,0.339,0.366,0.330751958,0.501,0.861,14,1,2016,Philadelphia 76ers
0.46,10.9,0.857,0.359,0.116,0.154,0.227,0.143,0.037323,0.105677,0.483,0.614,0.402,0.396,0.378,0.317,0.367,0.299341001,0.516,0.831,23,1,2008,Philadelphia 76ers
0.461,12.4,0.816,0.258,0.175,0.17,0.213,0.184,0.044896,0.139104,0.485,0.672,0.379,0.412,0.405,0.355,0.403,0.339507937,0.557,0.831,15,0,2011,Philadelphia 76ers
0.442,13.2,0.651,0.309,0.149,0.092,0.1,0.349,0.053746,0.295254,0.496,0.638,0.376,0.384,0.344,0.34,0.406,0.327985816,0.541,0.875,8,0,2017,Philadelphia 76ers
0.447,10.8,0.876,0.276,0.206,0.211,0.184,0.124,0.029016,0.094984,0.464,0.71,0.289,0.358,0.414,0.326,0.388,0.307060052,0.554,0.878,8,0,2001,Philadelphia 76ers
0.408,12.4,0.681,0.318,0.172,0.068,0.114,0.319,0.056782,0.262218,0.449,0.592,0.318,0.325,0.317,0.32,0.341,0.315452555,0.52,0.873,16,0,2015,Philadelphia 76ers
0.437,12,0.784,0.323,0.12,0.129,0.213,0.216,0.054648,0.161352,0.462,0.587,0.374,0.349,0.391,0.348,0.414,0.325646586,0.521,0.869,7,0,2005,Philadelphia 76ers
0.46,12.1,0.794,0.311,0.127,0.146,0.209,0.206,0.051706,0.154294,0.491,0.615,0.427,0.387,0.416,0.343,0.399,0.324233645,0.502,0.865,22,1,2010,Philadelphia 76ers
0.458,11.1,0.842,0.328,0.15,0.145,0.22,0.158,0.041554,0.116446,0.476,0.59,0.416,0.395,0.401,0.364,0.399,0.351510176,0.502,0.891,6,0,2006,Philadelphia 76ers
0.436,10.8,0.889,0.304,0.149,0.217,0.218,0.111,0.026418,0.084582,0.453,0.592,0.395,0.345,0.405,0.299,0.406,0.265580052,0.558,0.897,3,0,2002,Philadelphia 76ers
0.459,10.8,0.836,0.382,0.112,0.138,0.204,0.164,0.04674,0.11726,0.486,0.598,0.385,0.397,0.394,0.318,0.348,0.306041958,0.516,0.809,14,1,2009,Philadelphia 76ers
0.472,13.3,0.656,0.272,0.168,0.109,0.107,0.344,0.051944,0.292056,0.526,0.702,0.401,0.383,0.421,0.369,0.397,0.364020024,0.556,0.954,20,0,2018,Philadelphia 76ers
0.428,11.3,0.842,0.319,0.132,0.174,0.216,0.158,0.049928,0.108072,0.445,0.562,0.37,0.36,0.385,0.342,0.383,0.32305848,0.567,0.92,7,0,2004,Philadelphia 76ers
0.435,11.4,0.742,0.353,0.19,0.087,0.111,0.258,0.049794,0.208206,0.477,0.601,0.356,0.374,0.373,0.312,0.331,0.30745601,0.507,0.879,13,3,2014,Philadelphia 76ers
0.444,12.7,0.791,0.263,0.153,0.147,0.228,0.209,0.0627,0.1463,0.466,0.62,0.381,0.409,0.381,0.36,0.381,0.351,0.56,0.855,11,0,2013,Philadelphia 76ers
0.442,12.5,0.68,0.313,0.145,0.115,0.107,0.32,0.06688,0.25312,0.492,0.618,0.387,0.399,0.369,0.334,0.366,0.32554488,0.467,0.823,16,0,2018,Phoenix Suns
0.447,11.1,0.842,0.33,0.142,0.162,0.208,0.158,0.034602,0.123398,0.469,0.588,0.388,0.387,0.4,0.327,0.313,0.330925736,0.567,0.796,7,0,2002,Phoenix Suns
0.492,12.5,0.739,0.312,0.135,0.106,0.185,0.261,0.067338,0.193662,0.52,0.637,0.462,0.44,0.409,0.412,0.443,0.401221024,0.509,0.801,13,1,2010,Phoenix Suns
0.477,13,0.711,0.3,0.119,0.12,0.172,0.289,0.090168,0.198832,0.512,0.64,0.421,0.418,0.416,0.393,0.413,0.383930233,0.483,0.869,22,1,2005,Phoenix Suns
0.443,12.7,0.79,0.281,0.158,0.113,0.237,0.21,0.05796,0.15204,0.473,0.646,0.345,0.38,0.396,0.33,0.366,0.316276243,0.564,0.831,12,0,2013,Phoenix Suns
0.436,11.9,0.844,0.262,0.172,0.164,0.246,0.156,0.044304,0.111696,0.458,0.61,0.352,0.387,0.418,0.315,0.311,0.316586592,0.615,0.898,13,0,2001,Phoenix Suns
0.435,12.6,0.698,0.3,0.151,0.092,0.155,0.302,0.068252,0.233748,0.472,0.614,0.349,0.396,0.362,0.348,0.368,0.342160207,0.47,0.831,12,0,2016,Phoenix Suns
0.47,13.4,0.729,0.253,0.167,0.116,0.193,0.271,0.071273,0.199727,0.505,0.701,0.385,0.429,0.396,0.377,0.41,0.365223881,0.531,0.869,15,0,2011,Phoenix Suns
0.443,11.2,0.83,0.323,0.148,0.147,0.213,0.17,0.06137,0.10863,0.464,0.575,0.395,0.386,0.398,0.343,0.398,0.311928013,0.53,0.85,14,0,2003,Phoenix Suns
0.504,10.9,0.784,0.363,0.164,0.1,0.158,0.216,0.064152,0.151848,0.537,0.665,0.442,0.387,0.437,0.383,0.394,0.378352774,0.52,0.796,18,0,2009,Phoenix Suns
0.5,12.7,0.74,0.31,0.116,0.102,0.211,0.26,0.08372,0.17628,0.538,0.671,0.44,0.439,0.444,0.393,0.401,0.38920059,0.6,0.818,5,0,2008,Phoenix Suns
0.479,14.4,0.707,0.254,0.089,0.104,0.26,0.293,0.083798,0.209202,0.511,0.662,0.413,0.415,0.437,0.399,0.42,0.390588235,0.569,0.84,10,0,2006,Phoenix Suns
0.443,11.4,0.82,0.327,0.137,0.146,0.21,0.18,0.06066,0.11934,0.465,0.587,0.441,0.35,0.371,0.345,0.407,0.313485671,0.482,0.87,14,0,2004,Phoenix Suns
0.463,13.1,0.7,0.29,0.149,0.118,0.143,0.3,0.0819,0.2181,0.503,0.648,0.374,0.43,0.403,0.372,0.404,0.359983494,0.388,0.824,16,0,2014,Phoenix Suns
0.494,13.1,0.713,0.31,0.104,0.097,0.202,0.287,0.090405,0.196595,0.532,0.671,0.455,0.433,0.407,0.399,0.448,0.376467153,0.557,0.856,15,0,2007,Phoenix Suns
0.458,13.3,0.762,0.253,0.165,0.118,0.226,0.238,0.056644,0.181356,0.494,0.678,0.388,0.384,0.424,0.343,0.354,0.339564304,0.549,0.811,11,0,2012,Phoenix Suns
0.452,13.1,0.709,0.293,0.139,0.125,0.153,0.291,0.084099,0.206901,0.497,0.644,0.373,0.429,0.382,0.341,0.362,0.332464135,0.443,0.801,19,1,2015,Phoenix Suns
0.45,12.5,0.745,0.306,0.154,0.12,0.165,0.255,0.068595,0.186405,0.491,0.629,0.412,0.402,0.374,0.332,0.329,0.333103967,0.421,0.789,20,0,2017,Phoenix Suns
0.45,12.4,0.802,0.307,0.123,0.117,0.255,0.198,0.041184,0.156816,0.474,0.612,0.361,0.397,0.397,0.354,0.394,0.343494949,0.602,0.856,11,0,2002,Portland Trail Blazers
0.45,12.2,0.807,0.288,0.162,0.105,0.253,0.193,0.070059,0.122941,0.474,0.589,0.441,0.38,0.405,0.346,0.396,0.317507064,0.464,0.885,23,0,2007,Portland Trail Blazers
0.468,11.9,0.835,0.299,0.153,0.129,0.254,0.165,0.03597,0.12903,0.492,0.635,0.391,0.409,0.425,0.349,0.343,0.350672634,0.629,0.829,8,0,2001,Portland Trail Blazers
0.448,13.6,0.716,0.284,0.126,0.095,0.211,0.284,0.067876,0.216124,0.486,0.62,0.381,0.426,0.394,0.353,0.397,0.33918134,0.529,0.816,13,0,2013,Portland Trail Blazers
0.465,12.8,0.761,0.294,0.126,0.109,0.231,0.239,0.094405,0.144595,0.49,0.621,0.419,0.382,0.414,0.383,0.402,0.370595041,0.467,0.901,29,1,2009,Portland Trail Blazers
0.461,12.9,0.785,0.286,0.111,0.133,0.255,0.215,0.07353,0.14147,0.49,0.625,0.425,0.408,0.41,0.354,0.389,0.335808511,0.494,0.91,27,0,2010,Portland Trail Blazers
0.45,13.3,0.668,0.282,0.137,0.092,0.157,0.332,0.079016,0.252984,0.49,0.607,0.361,0.436,0.423,0.37,0.388,0.364377953,0.469,0.771,11,0,2016,Portland Trail Blazers
0.459,13.4,0.678,0.299,0.141,0.091,0.148,0.322,0.064078,0.257922,0.499,0.596,0.418,0.441,0.417,0.375,0.375,0.375,0.444,0.789,18,0,2017,Portland Trail Blazers
0.448,11.5,0.83,0.3,0.171,0.141,0.218,0.17,0.03196,0.13804,0.469,0.597,0.41,0.415,0.375,0.346,0.362,0.342295567,0.571,0.866,10,0,2004,Portland Trail Blazers
0.443,13,0.745,0.294,0.139,0.097,0.216,0.255,0.07803,0.17697,0.477,0.606,0.391,0.37,0.404,0.346,0.397,0.323512968,0.483,0.879,15,0,2012,Portland Trail Blazers
0.451,11.1,0.819,0.335,0.161,0.11,0.213,0.181,0.038553,0.142447,0.471,0.611,0.382,0.341,0.384,0.362,0.397,0.352527319,0.553,0.84,10,0,2005,Portland Trail Blazers
0.452,13,0.676,0.283,0.155,0.111,0.127,0.324,0.0567,0.2673,0.493,0.609,0.383,0.434,0.418,0.366,0.386,0.361757576,0.416,0.721,4,0,2018,Portland Trail Blazers
0.45,14.2,0.684,0.247,0.134,0.112,0.19,0.316,0.078684,0.237316,0.491,0.652,0.411,0.402,0.392,0.362,0.391,0.35238482,0.495,0.776,14,0,2015,Portland Trail Blazers
0.445,11.9,0.834,0.31,0.143,0.097,0.283,0.166,0.046978,0.119022,0.464,0.599,0.367,0.407,0.386,0.349,0.363,0.343474198,0.485,0.86,16,1,2006,Portland Trail Blazers
0.448,14.1,0.782,0.214,0.137,0.121,0.311,0.218,0.082622,0.135378,0.468,0.603,0.43,0.407,0.416,0.377,0.409,0.357470209,0.516,0.92,29,1,2008,Portland Trail Blazers
0.45,13.9,0.71,0.258,0.133,0.11,0.208,0.29,0.07308,0.21692,0.481,0.628,0.368,0.387,0.422,0.372,0.39,0.365935829,0.523,0.816,10,0,2014,Portland Trail Blazers
0.46,11.4,0.823,0.317,0.159,0.132,0.215,0.177,0.041595,0.135405,0.488,0.635,0.407,0.42,0.374,0.33,0.356,0.322013072,0.585,0.881,22,0,2003,Portland Trail Blazers
0.447,12.6,0.772,0.283,0.168,0.115,0.206,0.228,0.072276,0.155724,0.477,0.645,0.387,0.378,0.376,0.345,0.391,0.323650073,0.515,0.934,23,0,2011,Portland Trail Blazers
0.449,12,0.817,0.265,0.219,0.112,0.221,0.183,0.052338,0.130662,0.475,0.68,0.36,0.401,0.38,0.335,0.403,0.307761905,0.48,0.879,24,1,2011,Sacramento Kings
0.45,12.7,0.768,0.294,0.142,0.077,0.255,0.232,0.045008,0.186992,0.48,0.6,0.418,0.38,0.408,0.35,0.357,0.348315136,0.502,0.858,4,0,2007,Sacramento Kings
0.447,12.7,0.762,0.29,0.141,0.103,0.229,0.238,0.064022,0.173978,0.472,0.596,0.378,0.408,0.402,0.368,0.421,0.34849658,0.481,0.79,17,0,2009,Sacramento Kings
0.464,12,0.792,0.33,0.124,0.098,0.239,0.208,0.055536,0.152464,0.488,0.599,0.391,0.397,0.423,0.373,0.389,0.367171896,0.451,0.833,8,0,2008,Sacramento Kings
0.447,12.3,0.782,0.249,0.239,0.106,0.188,0.218,0.04469,0.17331,0.479,0.665,0.391,0.412,0.383,0.333,0.374,0.322427673,0.463,0.76,8,1,2014,Sacramento Kings
0.464,11.6,0.74,0.297,0.223,0.066,0.155,0.26,0.0598,0.2002,0.5,0.65,0.404,0.411,0.389,0.359,0.418,0.341376623,0.55,0.856,15,0,2016,Sacramento Kings
0.454,13.3,0.783,0.281,0.118,0.07,0.315,0.217,0.053599,0.163401,0.483,0.628,0.427,0.382,0.397,0.351,0.365,0.346407703,0.566,0.874,10,0,2006,Sacramento Kings
0.449,11.8,0.806,0.295,0.185,0.097,0.23,0.194,0.0485,0.1455,0.472,0.644,0.363,0.384,0.377,0.354,0.364,0.350666667,0.554,0.797,20,2,2001,Sacramento Kings
0.462,13,0.777,0.277,0.128,0.089,0.284,0.223,0.068461,0.154539,0.48,0.636,0.34,0.383,0.421,0.401,0.422,0.39169697,0.653,0.862,12,0,2004,Sacramento Kings
0.45,12.9,0.722,0.242,0.205,0.115,0.159,0.278,0.0556,0.2224,0.479,0.642,0.395,0.385,0.407,0.375,0.409,0.3665,0.477,0.817,25,0,2018,Sacramento Kings
0.456,11.6,0.799,0.327,0.159,0.094,0.22,0.201,0.050451,0.150549,0.483,0.61,0.385,0.427,0.388,0.349,0.418,0.32587717,0.471,0.882,17,0,2010,Sacramento Kings
0.436,11.8,0.772,0.306,0.219,0.076,0.172,0.228,0.061104,0.166896,0.471,0.64,0.362,0.353,0.362,0.316,0.341,0.306846995,0.456,0.783,12,1,2012,Sacramento Kings
0.461,13.1,0.709,0.258,0.195,0.1,0.155,0.291,0.068967,0.222033,0.496,0.642,0.421,0.412,0.402,0.376,0.416,0.36357536,0.506,0.875,18,0,2017,Sacramento Kings
0.464,12.5,0.816,0.282,0.142,0.099,0.293,0.184,0.066608,0.117392,0.482,0.652,0.38,0.375,0.405,0.381,0.431,0.352630094,0.583,0.874,25,0,2003,Sacramento Kings
0.467,11.7,0.834,0.317,0.135,0.104,0.278,0.166,0.052622,0.113378,0.486,0.626,0.383,0.402,0.409,0.367,0.399,0.352147877,0.56,0.866,8,0,2002,Sacramento Kings
0.459,13.4,0.8,0.258,0.125,0.081,0.336,0.2,0.0508,0.1492,0.48,0.618,0.435,0.38,0.415,0.374,0.418,0.359018767,0.582,0.852,9,0,2005,Sacramento Kings
0.447,12.2,0.757,0.291,0.211,0.082,0.172,0.243,0.064395,0.178605,0.474,0.63,0.392,0.385,0.354,0.363,0.384,0.355428571,0.491,0.807,15,1,2013,Sacramento Kings
0.455,11.5,0.796,0.299,0.222,0.094,0.181,0.204,0.060996,0.143004,0.484,0.655,0.355,0.417,0.395,0.341,0.367,0.329910128,0.503,0.837,12,0,2015,Sacramento Kings
0.469,13.5,0.719,0.255,0.159,0.116,0.191,0.281,0.075308,0.205692,0.5,0.644,0.429,0.391,0.431,0.391,0.433,0.375622951,0.525,0.874,12,0,2017,San Antonio Spurs
0.462,11.2,0.798,0.313,0.189,0.133,0.163,0.202,0.0808,0.1212,0.489,0.634,0.423,0.388,0.371,0.354,0.376,0.339333333,0.499,0.909,10,0,2003,San Antonio Spurs
0.478,12.4,0.743,0.278,0.203,0.099,0.164,0.257,0.080955,0.176045,0.507,0.677,0.395,0.429,0.407,0.393,0.415,0.382883212,0.508,0.873,6,0,2012,San Antonio Spurs
0.474,12.7,0.753,0.288,0.155,0.107,0.204,0.247,0.094848,0.152152,0.504,0.653,0.444,0.406,0.392,0.381,0.406,0.365415584,0.523,0.934,9,0,2007,San Antonio Spurs
0.461,11.9,0.825,0.26,0.183,0.178,0.205,0.175,0.060375,0.114625,0.472,0.652,0.359,0.4,0.406,0.407,0.485,0.365916031,0.569,0.876,12,1,2001,San Antonio Spurs
0.484,12.2,0.777,0.264,0.175,0.137,0.201,0.223,0.063109,0.159891,0.515,0.667,0.452,0.44,0.421,0.375,0.373,0.3757894,0.549,0.905,11,0,2016,San Antonio Spurs
0.457,13.2,0.749,0.248,0.157,0.116,0.227,0.251,0.103914,0.147086,0.487,0.649,0.401,0.402,0.413,0.369,0.401,0.346392491,0.498,0.928,11,0,2008,San Antonio Spurs
0.457,12.7,0.718,0.261,0.169,0.143,0.144,0.282,0.06627,0.21573,0.499,0.66,0.406,0.416,0.4,0.352,0.4,0.337254902,0.497,0.897,16,0,2018,San Antonio Spurs
0.481,12.5,0.736,0.298,0.178,0.096,0.163,0.264,0.0924,0.1716,0.519,0.663,0.411,0.433,0.423,0.376,0.412,0.356615385,0.572,0.905,12,0,2013,San Antonio Spurs
0.472,11.8,0.785,0.295,0.187,0.109,0.194,0.215,0.08772,0.12728,0.496,0.657,0.407,0.399,0.39,0.385,0.432,0.352608108,0.504,0.901,8,0,2006,San Antonio Spurs
0.466,13.4,0.752,0.253,0.14,0.109,0.25,0.248,0.093248,0.154752,0.492,0.616,0.456,0.405,0.424,0.386,0.394,0.381179487,0.489,0.885,9,0,2009,San Antonio Spurs
0.486,12.6,0.743,0.287,0.185,0.09,0.181,0.257,0.076843,0.180157,0.517,0.673,0.437,0.389,0.413,0.397,0.41,0.391455064,0.554,0.872,11,0,2014,San Antonio Spurs
0.475,12.7,0.739,0.264,0.201,0.106,0.167,0.261,0.095787,0.165213,0.503,0.662,0.43,0.407,0.4,0.397,0.421,0.383085308,0.507,0.858,7,0,2011,San Antonio Spurs
0.442,11.6,0.823,0.282,0.197,0.144,0.2,0.177,0.064251,0.112749,0.46,0.623,0.373,0.383,0.371,0.358,0.394,0.337485086,0.543,0.868,12,0,2004,San Antonio Spurs
0.453,11.6,0.784,0.293,0.201,0.118,0.173,0.216,0.093096,0.122904,0.478,0.637,0.399,0.378,0.369,0.363,0.388,0.344063269,0.536,0.939,8,0,2005,San Antonio Spurs
0.468,12.5,0.731,0.276,0.203,0.103,0.148,0.269,0.077203,0.191797,0.505,0.636,0.461,0.403,0.394,0.367,0.425,0.343653576,0.544,0.919,10,0,2015,San Antonio Spurs
0.473,12.2,0.768,0.312,0.146,0.108,0.203,0.232,0.08584,0.14616,0.508,0.649,0.431,0.388,0.408,0.358,0.385,0.342142857,0.514,0.892,11,0,2010,San Antonio Spurs
0.458,11.2,0.81,0.314,0.166,0.177,0.153,0.19,0.06916,0.12084,0.48,0.643,0.407,0.369,0.356,0.362,0.44,0.317358491,0.507,0.886,8,0,2002,San Antonio Spurs
0.456,10.7,0.824,0.305,0.226,0.129,0.164,0.176,0.041712,0.134288,0.468,0.643,0.356,0.363,0.377,0.399,0.401,0.398378768,0.538,0.886,9,0,2001,Oklahoma City Thunder
0.459,12.5,0.757,0.275,0.173,0.124,0.184,0.243,0.050301,0.192699,0.487,0.615,0.42,0.401,0.415,0.371,0.412,0.360297604,0.481,0.836,19,0,2006,Oklahoma City Thunder
0.469,11.8,0.807,0.28,0.19,0.121,0.216,0.193,0.050373,0.142627,0.49,0.636,0.387,0.393,0.446,0.378,0.374,0.37941272,0.56,0.912,8,0,2002,Oklahoma City Thunder
0.444,11.6,0.866,0.287,0.159,0.144,0.277,0.134,0.032562,0.101438,0.462,0.594,0.39,0.377,0.408,0.333,0.377,0.318875826,0.527,0.85,5,0,2008,Oklahoma City Thunder
0.437,12.6,0.804,0.247,0.177,0.129,0.25,0.196,0.052528,0.143472,0.458,0.633,0.366,0.426,0.366,0.353,0.344,0.356295082,0.56,0.906,10,0,2003,Oklahoma City Thunder
0.446,13.5,0.706,0.245,0.158,0.121,0.182,0.294,0.079968,0.214032,0.476,0.655,0.377,0.389,0.38,0.373,0.408,0.359923077,0.519,0.876,19,0,2004,Oklahoma City Thunder
0.444,12.9,0.719,0.276,0.16,0.118,0.165,0.281,0.067159,0.213841,0.474,0.605,0.397,0.397,0.385,0.365,0.399,0.354321945,0.411,0.865,19,0,2005,Oklahoma City Thunder
0.46,11.8,0.781,0.291,0.183,0.137,0.17,0.219,0.051465,0.167535,0.487,0.625,0.421,0.391,0.401,0.362,0.349,0.365993464,0.503,0.811,14,0,2007,Oklahoma City Thunder
0.458,13.1,0.807,0.264,0.117,0.132,0.294,0.193,0.047671,0.145329,0.478,0.601,0.42,0.375,0.438,0.372,0.421,0.355926959,0.543,0.91,16,0,2009,Toronto Raptors
0.455,13.2,0.698,0.253,0.195,0.104,0.146,0.302,0.078822,0.223178,0.499,0.646,0.446,0.393,0.393,0.352,0.413,0.330456022,0.476,0.781,10,0,2015,Toronto Raptors
0.437,12.8,0.833,0.264,0.124,0.145,0.3,0.167,0.037241,0.129759,0.451,0.602,0.35,0.373,0.397,0.369,0.396,0.361250965,0.63,0.828,15,0,2001,Toronto Raptors
0.451,12.3,0.713,0.277,0.187,0.111,0.139,0.287,0.08323,0.20377,0.483,0.624,0.409,0.394,0.374,0.37,0.413,0.35243662,0.4,0.869,9,1,2016,Toronto Raptors
0.44,13.1,0.791,0.271,0.151,0.106,0.263,0.209,0.050369,0.158631,0.467,0.633,0.402,0.383,0.366,0.34,0.34,0.34,0.562,0.858,12,0,2012,Toronto Raptors
0.444,12.9,0.747,0.283,0.123,0.136,0.206,0.253,0.097152,0.155848,0.463,0.564,0.403,0.402,0.401,0.385,0.416,0.365675325,0.488,0.843,13,0,2005,Toronto Raptors
0.418,13.1,0.796,0.252,0.123,0.155,0.267,0.204,0.092004,0.111996,0.434,0.575,0.398,0.346,0.368,0.356,0.405,0.315746812,0.519,0.944,8,0,2004,Toronto Raptors
0.464,13.2,0.711,0.254,0.185,0.12,0.153,0.289,0.078897,0.210103,0.505,0.631,0.45,0.449,0.407,0.363,0.381,0.356240715,0.372,0.817,12,1,2017,Toronto Raptors
0.445,13.6,0.715,0.226,0.206,0.103,0.181,0.285,0.073815,0.211185,0.475,0.642,0.417,0.402,0.372,0.372,0.388,0.366407557,0.501,0.835,12,2,2014,Toronto Raptors
0.454,12.9,0.756,0.279,0.135,0.128,0.214,0.244,0.085888,0.158112,0.479,0.584,0.431,0.376,0.433,0.375,0.382,0.371197531,0.449,0.842,13,1,2006,Toronto Raptors
0.434,12.2,0.835,0.284,0.121,0.192,0.238,0.165,0.03531,0.12969,0.451,0.578,0.395,0.377,0.387,0.349,0.418,0.33021374,0.571,0.858,18,0,2002,Toronto Raptors
0.472,13.2,0.623,0.291,0.16,0.098,0.074,0.377,0.091611,0.285389,0.541,0.681,0.414,0.428,0.419,0.358,0.396,0.345801849,0.499,0.816,19,1,2018,Toronto Raptors
0.465,11.8,0.838,0.325,0.157,0.112,0.245,0.162,0.037908,0.124092,0.494,0.627,0.414,0.439,0.394,0.316,0.337,0.309584856,0.534,0.872,12,0,2011,Toronto Raptors
0.463,13.2,0.776,0.277,0.109,0.117,0.273,0.224,0.073696,0.150304,0.492,0.619,0.429,0.379,0.437,0.363,0.427,0.33161997,0.536,0.906,13,1,2007,Toronto Raptors
0.482,12.6,0.789,0.308,0.133,0.111,0.238,0.211,0.045365,0.165635,0.512,0.64,0.453,0.429,0.419,0.371,0.443,0.351280255,0.51,0.842,36,2,2010,Toronto Raptors
0.427,12.4,0.821,0.278,0.135,0.144,0.263,0.179,0.048688,0.130312,0.446,0.586,0.366,0.381,0.374,0.343,0.389,0.325813187,0.51,0.829,10,0,2003,Toronto Raptors
0.468,13.6,0.783,0.272,0.085,0.111,0.314,0.217,0.067487,0.149513,0.489,0.603,0.443,0.426,0.425,0.392,0.412,0.382972424,0.549,0.944,19,3,2008,Toronto Raptors
0.446,13.5,0.751,0.239,0.169,0.123,0.22,0.249,0.05229,0.19671,0.48,0.655,0.427,0.404,0.372,0.343,0.355,0.339810127,0.541,0.809,9,0,2013,Toronto Raptors
0.436,11.5,0.873,0.357,0.085,0.104,0.327,0.127,0.029083,0.097917,0.453,0.555,0.353,0.357,0.397,0.321,0.361,0.309119326,0.598,0.845,8,0,2004,Utah Jazz
0.491,10.9,0.816,0.383,0.121,0.092,0.22,0.184,0.03772,0.14628,0.519,0.637,0.422,0.409,0.415,0.364,0.453,0.341050314,0.652,0.841,9,0,2010,Utah Jazz
0.442,11.7,0.851,0.348,0.097,0.109,0.297,0.149,0.019221,0.129779,0.461,0.588,0.337,0.389,0.378,0.336,0.37,0.330964409,0.62,0.846,10,1,2006,Utah Jazz
0.45,10.7,0.868,0.38,0.102,0.124,0.261,0.132,0.02838,0.10362,0.468,0.584,0.3,0.369,0.411,0.333,0.343,0.330261146,0.678,0.871,7,0,2002,Utah Jazz
0.465,12.1,0.809,0.296,0.181,0.111,0.221,0.191,0.035144,0.155856,0.493,0.652,0.398,0.396,0.406,0.346,0.368,0.341039216,0.588,0.862,16,1,2011,Utah Jazz
0.449,11.6,0.879,0.336,0.093,0.137,0.312,0.121,0.030492,0.090508,0.465,0.589,0.363,0.378,0.402,0.328,0.38,0.310481283,0.625,0.86,14,0,2005,Utah Jazz
0.471,10.9,0.865,0.348,0.134,0.124,0.259,0.135,0.036585,0.098415,0.485,0.625,0.369,0.382,0.404,0.381,0.446,0.356836763,0.693,0.874,7,0,2001,Utah Jazz
0.456,11.2,0.847,0.287,0.238,0.118,0.204,0.153,0.030294,0.122706,0.48,0.672,0.42,0.333,0.365,0.323,0.329,0.321518703,0.529,0.908,12,0,2012,Utah Jazz
0.462,13.2,0.643,0.284,0.151,0.1,0.108,0.357,0.095676,0.261324,0.515,0.674,0.37,0.398,0.408,0.366,0.418,0.346961749,0.5,0.805,14,0,2018,Utah Jazz
0.466,13.1,0.673,0.297,0.152,0.105,0.118,0.327,0.09156,0.23544,0.511,0.651,0.413,0.427,0.363,0.372,0.385,0.366944444,0.454,0.799,14,1,2017,Utah Jazz
0.447,12.6,0.726,0.296,0.173,0.096,0.161,0.274,0.07535,0.19865,0.486,0.673,0.332,0.395,0.363,0.343,0.376,0.330482759,0.473,0.9,18,1,2015,Utah Jazz
0.474,11.4,0.837,0.359,0.107,0.113,0.257,0.163,0.025917,0.137083,0.501,0.621,0.371,0.401,0.432,0.335,0.298,0.341995244,0.632,0.867,13,0,2007,Utah Jazz
0.444,12.7,0.763,0.281,0.177,0.106,0.199,0.237,0.057828,0.179172,0.474,0.653,0.367,0.374,0.372,0.344,0.393,0.328185185,0.486,0.91,21,0,2014,Utah Jazz
0.497,11.2,0.834,0.375,0.099,0.1,0.26,0.166,0.03237,0.13363,0.522,0.641,0.425,0.416,0.429,0.372,0.404,0.364248447,0.629,0.882,19,0,2008,Utah Jazz
0.468,11.1,0.896,0.337,0.111,0.139,0.31,0.104,0.0208,0.0832,0.481,0.634,0.338,0.392,0.406,0.349,0.391,0.3385,0.713,0.884,10,1,2003,Utah Jazz
0.454,12.5,0.794,0.274,0.192,0.105,0.224,0.206,0.045114,0.160886,0.477,0.662,0.377,0.375,0.383,0.366,0.378,0.362635083,0.554,0.893,16,0,2013,Utah Jazz
0.449,12.3,0.703,0.282,0.177,0.119,0.126,0.297,0.093258,0.203742,0.488,0.633,0.394,0.401,0.378,0.355,0.389,0.339437318,0.435,0.821,22,0,2016,Utah Jazz
0.475,11.2,0.831,0.379,0.101,0.091,0.259,0.169,0.034645,0.134355,0.5,0.614,0.371,0.422,0.412,0.349,0.4,0.335849057,0.609,0.893,9,0,2009,Utah Jazz
0.439,12.9,0.855,0.217,0.184,0.13,0.323,0.145,0.038715,0.106285,0.455,0.63,0.359,0.375,0.424,0.343,0.316,0.352834925,0.635,0.874,3,0,2001,Memphis Grizzlies
0.443,12.2,0.828,0.281,0.171,0.129,0.247,0.172,0.050224,0.121776,0.465,0.648,0.353,0.382,0.38,0.332,0.348,0.32540113,0.468,0.89,11,0,2011,Washington Wizards
0.441,12.2,0.804,0.299,0.167,0.109,0.227,0.196,0.057624,0.138376,0.47,0.661,0.339,0.347,0.376,0.32,0.389,0.291266289,0.467,0.858,6,1,2012,Washington Wizards
0.44,12.7,0.873,0.231,0.13,0.203,0.309,0.127,0.035052,0.091948,0.459,0.623,0.313,0.423,0.422,0.312,0.335,0.303232044,0.541,0.893,2,0,2003,Washington Wizards
0.467,13.4,0.69,0.243,0.159,0.139,0.149,0.31,0.05952,0.25048,0.508,0.673,0.418,0.436,0.405,0.375,0.376,0.374762376,0.548,0.88,17,0,2018,Washington Wizards
0.441,12.5,0.882,0.214,0.159,0.222,0.287,0.118,0.019824,0.098176,0.448,0.631,0.324,0.394,0.422,0.388,0.439,0.377701923,0.561,0.784,3,0,2002,Washington Wizards
0.45,11.9,0.82,0.317,0.154,0.107,0.242,0.18,0.03456,0.14544,0.476,0.614,0.386,0.383,0.395,0.33,0.326,0.330950495,0.506,0.825,6,0,2009,Washington Wizards
0.447,12.6,0.791,0.287,0.164,0.093,0.247,0.209,0.037411,0.171589,0.471,0.638,0.354,0.388,0.385,0.357,0.356,0.357218027,0.463,0.757,10,0,2006,Washington Wizards
0.449,12.6,0.817,0.279,0.148,0.116,0.274,0.183,0.042639,0.140361,0.471,0.619,0.359,0.403,0.408,0.353,0.382,0.344190352,0.474,0.775,14,0,2010,Washington Wizards
0.475,13.1,0.716,0.3,0.137,0.108,0.169,0.284,0.072136,0.211864,0.515,0.629,0.429,0.426,0.442,0.372,0.351,0.379150134,0.496,0.858,10,0,2017,Washington Wizards
0.45,13.2,0.763,0.294,0.121,0.079,0.269,0.237,0.049296,0.187704,0.482,0.626,0.386,0.355,0.405,0.348,0.352,0.346949495,0.487,0.781,8,1,2007,Washington Wizards
0.439,11.3,0.869,0.249,0.219,0.199,0.202,0.131,0.028296,0.102704,0.456,0.625,0.356,0.397,0.415,0.324,0.361,0.313806122,0.563,0.753,3,0,2001,Washington Wizards
0.446,13,0.759,0.285,0.145,0.098,0.231,0.241,0.043621,0.197379,0.475,0.633,0.384,0.353,0.388,0.356,0.38,0.350695971,0.474,0.805,7,0,2008,Washington Wizards
0.46,12.9,0.718,0.291,0.129,0.111,0.188,0.282,0.069372,0.212628,0.501,0.638,0.41,0.415,0.4,0.358,0.382,0.350169761,0.548,0.872,14,1,2016,Washington Wizards
0.462,12.6,0.797,0.286,0.142,0.138,0.23,0.203,0.056637,0.146363,0.488,0.658,0.385,0.409,0.389,0.36,0.371,0.355743412,0.578,0.889,12,0,2015,Washington Wizards
0.437,12.5,0.78,0.268,0.188,0.118,0.206,0.22,0.04576,0.17424,0.463,0.664,0.323,0.345,0.396,0.343,0.321,0.348777778,0.478,0.763,8,1,2005,Washington Wizards
0.459,13.2,0.754,0.273,0.143,0.116,0.221,0.246,0.075276,0.170724,0.485,0.676,0.374,0.366,0.384,0.38,0.401,0.370740634,0.525,0.895,14,1,2014,Washington Wizards
0.421,11.9,0.806,0.29,0.18,0.123,0.213,0.194,0.041516,0.152484,0.44,0.618,0.317,0.34,0.358,0.341,0.371,0.332832061,0.511,0.808,4,0,2004,Washington Wizards
0.435,13.1,0.777,0.238,0.177,0.145,0.216,0.223,0.07359,0.14941,0.455,0.623,0.393,0.371,0.377,0.365,0.457,0.319686567,0.543,0.901,8,0,2013,Washington Wizards